full_name,diploma_number,specialty,degree,faculty,year
Иванов Иван Иванович,DIP-2020-0001,Программная инженерия,Бакалавр,Факультет информационных технологий,2020
Петров Иван Иванович,DIP-2021-0002,Информационные системы и технологии,Магистр,Факультет информатики,2021
Сидоров Иван Иванович,DIP-2022-0003,Прикладная математика и информатика,Специалист,Факультет прикладной математики,2022
Смирнов Иван Иванович,DIP-2023-0004,Экономика,Бакалавр,Экономический факультет,2023
Кузнецов Иван Иванович,DIP-2024-0005,Юриспруденция,Магистр,Юридический факультет,2024
Попов Иван Иванович,DIP-2025-0006,Менеджмент,Специалист,Факультет управления,2025
Васильев Иван Иванович,DIP-2020-0007,Строительство,Бакалавр,Инженерно-строительный факультет,2020
Новиков Иван Иванович,DIP-2021-0008,Электроэнергетика и электротехника,Магистр,Энергетический факультет,2021
Федоров Иван Иванович,DIP-2022-0009,Лингвистика,Специалист,Факультет иностранных языков,2022
Морозов Иван Иванович,DIP-2023-0010,Педагогическое образование,Бакалавр,Педагогический факультет,2023
Волков Иван Иванович,DIP-2024-0011,Программная инженерия,Магистр,Факультет информационных технологий,2024
Алексеев Иван Иванович,DIP-2025-0012,Информационные системы и технологии,Специалист,Факультет информатики,2025
Лебедев Иван Иванович,DIP-2020-0013,Прикладная математика и информатика,Бакалавр,Факультет прикладной математики,2020
Семенов Иван Иванович,DIP-2021-0014,Экономика,Магистр,Экономический факультет,2021
Егоров Иван Иванович,DIP-2022-0015,Юриспруденция,Специалист,Юридический факультет,2022
Павлов Иван Иванович,DIP-2023-0016,Менеджмент,Бакалавр,Факультет управления,2023
Козлов Иван Иванович,DIP-2024-0017,Строительство,Магистр,Инженерно-строительный факультет,2024
Степанов Иван Иванович,DIP-2025-0018,Электроэнергетика и электротехника,Специалист,Энергетический факультет,2025
Николаев Иван Иванович,DIP-2020-0019,Лингвистика,Бакалавр,Факультет иностранных языков,2020
Орлов Иван Иванович,DIP-2021-0020,Педагогическое образование,Магистр,Педагогический факультет,2021
Иванов Петр Иванович,DIP-2022-0021,Программная инженерия,Специалист,Факультет информационных технологий,2022
Петров Петр Иванович,DIP-2023-0022,Информационные системы и технологии,Бакалавр,Факультет информатики,2023
Сидоров Петр Иванович,DIP-2024-0023,Прикладная математика и информатика,Магистр,Факультет прикладной математики,2024
Смирнов Петр Иванович,DIP-2025-0024,Экономика,Специалист,Экономический факультет,2025
Кузнецов Петр Иванович,DIP-2020-0025,Юриспруденция,Бакалавр,Юридический факультет,2020
Попов Петр Иванович,DIP-2021-0026,Менеджмент,Магистр,Факультет управления,2021
Васильев Петр Иванович,DIP-2022-0027,Строительство,Специалист,Инженерно-строительный факультет,2022
Новиков Петр Иванович,DIP-2023-0028,Электроэнергетика и электротехника,Бакалавр,Энергетический факультет,2023
Федоров Петр Иванович,DIP-2024-0029,Лингвистика,Магистр,Факультет иностранных языков,2024
Морозов Петр Иванович,DIP-2025-0030,Педагогическое образование,Специалист,Педагогический факультет,2025
Волков Петр Иванович,DIP-2020-0031,Программная инженерия,Бакалавр,Факультет информационных технологий,2020
Алексеев Петр Иванович,DIP-2021-0032,Информационные системы и технологии,Магистр,Факультет информатики,2021
Лебедев Петр Иванович,DIP-2022-0033,Прикладная математика и информатика,Специалист,Факультет прикладной математики,2022
Семенов Петр Иванович,DIP-2023-0034,Экономика,Бакалавр,Экономический факультет,2023
Егоров Петр Иванович,DIP-2024-0035,Юриспруденция,Магистр,Юридический факультет,2024
Павлов Петр Иванович,DIP-2025-0036,Менеджмент,Специалист,Факультет управления,2025
Козлов Петр Иванович,DIP-2020-0037,Строительство,Бакалавр,Инженерно-строительный факультет,2020
Степанов Петр Иванович,DIP-2021-0038,Электроэнергетика и электротехника,Магистр,Энергетический факультет,2021
Николаев Петр Иванович,DIP-2022-0039,Лингвистика,Специалист,Факультет иностранных языков,2022
Орлов Петр Иванович,DIP-2023-0040,Педагогическое образование,Бакалавр,Педагогический факультет,2023
Иванов Алексей Петрович,DIP-2024-0041,Программная инженерия,Магистр,Факультет информационных технологий,2024
Петров Алексей Петрович,DIP-2025-0042,Информационные системы и технологии,Специалист,Факультет информатики,2025
Сидоров Алексей Петрович,DIP-2020-0043,Прикладная математика и информатика,Бакалавр,Факультет прикладной математики,2020
Смирнов Алексей Петрович,DIP-2021-0044,Экономика,Магистр,Экономический факультет,2021
Кузнецов Алексей Петрович,DIP-2022-0045,Юриспруденция,Специалист,Юридический факультет,2022
Попов Алексей Петрович,DIP-2023-0046,Менеджмент,Бакалавр,Факультет управления,2023
Васильев Алексей Петрович,DIP-2024-0047,Строительство,Магистр,Инженерно-строительный факультет,2024
Новиков Алексей Петрович,DIP-2025-0048,Электроэнергетика и электротехника,Специалист,Энергетический факультет,2025
Федоров Алексей Петрович,DIP-2020-0049,Лингвистика,Бакалавр,Факультет иностранных языков,2020
Морозов Алексей Петрович,DIP-2021-0050,Педагогическое образование,Магистр,Педагогический факультет,2021
Волков Алексей Петрович,DIP-2022-0051,Программная инженерия,Специалист,Факультет информационных технологий,2022
Алексеев Алексей Петрович,DIP-2023-0052,Информационные системы и технологии,Бакалавр,Факультет информатики,2023
Лебедев Алексей Петрович,DIP-2024-0053,Прикладная математика и информатика,Магистр,Факультет прикладной математики,2024
Семенов Алексей Петрович,DIP-2025-0054,Экономика,Специалист,Экономический факультет,2025
Егоров Алексей Петрович,DIP-2020-0055,Юриспруденция,Бакалавр,Юридический факультет,2020
Павлов Алексей Петрович,DIP-2021-0056,Менеджмент,Магистр,Факультет управления,2021
Козлов Алексей Петрович,DIP-2022-0057,Строительство,Специалист,Инженерно-строительный факультет,2022
Степанов Алексей Петрович,DIP-2023-0058,Электроэнергетика и электротехника,Бакалавр,Энергетический факультет,2023
Николаев Алексей Петрович,DIP-2024-0059,Лингвистика,Магистр,Факультет иностранных языков,2024
Орлов Алексей Петрович,DIP-2025-0060,Педагогическое образование,Специалист,Педагогический факультет,2025
Иванов Дмитрий Петрович,DIP-2020-0061,Программная инженерия,Бакалавр,Факультет информационных технологий,2020
Петров Дмитрий Петрович,DIP-2021-0062,Информационные системы и технологии,Магистр,Факультет информатики,2021
Сидоров Дмитрий Петрович,DIP-2022-0063,Прикладная математика и информатика,Специалист,Факультет прикладной математики,2022
Смирнов Дмитрий Петрович,DIP-2023-0064,Экономика,Бакалавр,Экономический факультет,2023
Кузнецов Дмитрий Петрович,DIP-2024-0065,Юриспруденция,Магистр,Юридический факультет,2024
Попов Дмитрий Петрович,DIP-2025-0066,Менеджмент,Специалист,Факультет управления,2025
Васильев Дмитрий Петрович,DIP-2020-0067,Строительство,Бакалавр,Инженерно-строительный факультет,2020
Новиков Дмитрий Петрович,DIP-2021-0068,Электроэнергетика и электротехника,Магистр,Энергетический факультет,2021
Федоров Дмитрий Петрович,DIP-2022-0069,Лингвистика,Специалист,Факультет иностранных языков,2022
Морозов Дмитрий Петрович,DIP-2023-0070,Педагогическое образование,Бакалавр,Педагогический факультет,2023
Волков Дмитрий Петрович,DIP-2024-0071,Программная инженерия,Магистр,Факультет информационных технологий,2024
Алексеев Дмитрий Петрович,DIP-2025-0072,Информационные системы и технологии,Специалист,Факультет информатики,2025
Лебедев Дмитрий Петрович,DIP-2020-0073,Прикладная математика и информатика,Бакалавр,Факультет прикладной математики,2020
Семенов Дмитрий Петрович,DIP-2021-0074,Экономика,Магистр,Экономический факультет,2021
Егоров Дмитрий Петрович,DIP-2022-0075,Юриспруденция,Специалист,Юридический факультет,2022
Павлов Дмитрий Петрович,DIP-2023-0076,Менеджмент,Бакалавр,Факультет управления,2023
Козлов Дмитрий Петрович,DIP-2024-0077,Строительство,Магистр,Инженерно-строительный факультет,2024
Степанов Дмитрий Петрович,DIP-2025-0078,Электроэнергетика и электротехника,Специалист,Энергетический факультет,2025
Николаев Дмитрий Петрович,DIP-2020-0079,Лингвистика,Бакалавр,Факультет иностранных языков,2020
Орлов Дмитрий Петрович,DIP-2021-0080,Педагогическое образование,Магистр,Педагогический факультет,2021
Иванов Максим Алексеевич,DIP-2022-0081,Программная инженерия,Специалист,Факультет информационных технологий,2022
Петров Максим Алексеевич,DIP-2023-0082,Информационные системы и технологии,Бакалавр,Факультет информатики,2023
Сидоров Максим Алексеевич,DIP-2024-0083,Прикладная математика и информатика,Магистр,Факультет прикладной математики,2024
Смирнов Максим Алексеевич,DIP-2025-0084,Экономика,Специалист,Экономический факультет,2025
Кузнецов Максим Алексеевич,DIP-2020-0085,Юриспруденция,Бакалавр,Юридический факультет,2020
Попов Максим Алексеевич,DIP-2021-0086,Менеджмент,Магистр,Факультет управления,2021
Васильев Максим Алексеевич,DIP-2022-0087,Строительство,Специалист,Инженерно-строительный факультет,2022
Новиков Максим Алексеевич,DIP-2023-0088,Электроэнергетика и электротехника,Бакалавр,Энергетический факультет,2023
Федоров Максим Алексеевич,DIP-2024-0089,Лингвистика,Магистр,Факультет иностранных языков,2024
Морозов Максим Алексеевич,DIP-2025-0090,Педагогическое образование,Специалист,Педагогический факультет,2025
Волков Максим Алексеевич,DIP-2020-0091,Программная инженерия,Бакалавр,Факультет информационных технологий,2020
Алексеев Максим Алексеевич,DIP-2021-0092,Информационные системы и технологии,Магистр,Факультет информатики,2021
Лебедев Максим Алексеевич,DIP-2022-0093,Прикладная математика и информатика,Специалист,Факультет прикладной математики,2022
Семенов Максим Алексеевич,DIP-2023-0094,Экономика,Бакалавр,Экономический факультет,2023
Егоров Максим Алексеевич,DIP-2024-0095,Юриспруденция,Магистр,Юридический факультет,2024
Павлов Максим Алексеевич,DIP-2025-0096,Менеджмент,Специалист,Факультет управления,2025
Козлов Максим Алексеевич,DIP-2020-0097,Строительство,Бакалавр,Инженерно-строительный факультет,2020
Степанов Максим Алексеевич,DIP-2021-0098,Электроэнергетика и электротехника,Магистр,Энергетический факультет,2021
Николаев Максим Алексеевич,DIP-2022-0099,Лингвистика,Специалист,Факультет иностранных языков,2022
Орлов Максим Алексеевич,DIP-2023-0100,Педагогическое образование,Бакалавр,Педагогический факультет,2023
Иванов Иван Иванович,DIP-2024-0101,Программная инженерия,Бакалавр,Факультет информационных технологий,2024
Петров Иван Иванович,DIP-2025-0102,Информационные системы и технологии,Магистр,Факультет информатики,2025
Сидоров Иван Иванович,DIP-2020-0103,Прикладная математика и информатика,Специалист,Факультет прикладной математики,2020
Смирнов Иван Иванович,DIP-2021-0104,Экономика,Бакалавр,Экономический факультет,2021
Кузнецов Иван Иванович,DIP-2022-0105,Юриспруденция,Магистр,Юридический факультет,2022
Попов Иван Иванович,DIP-2023-0106,Менеджмент,Специалист,Факультет управления,2023
Васильев Иван Иванович,DIP-2024-0107,Строительство,Бакалавр,Инженерно-строительный факультет,2024
Новиков Иван Иванович,DIP-2025-0108,Электроэнергетика и электротехника,Магистр,Энергетический факультет,2025
Федоров Иван Иванович,DIP-2020-0109,Лингвистика,Специалист,Факультет иностранных языков,2020
Морозов Иван Иванович,DIP-2021-0110,Педагогическое образование,Бакалавр,Педагогический факультет,2021
Волков Иван Иванович,DIP-2022-0111,Программная инженерия,Магистр,Факультет информационных технологий,2022
Алексеев Иван Иванович,DIP-2023-0112,Информационные системы и технологии,Специалист,Факультет информатики,2023
Лебедев Иван Иванович,DIP-2024-0113,Прикладная математика и информатика,Бакалавр,Факультет прикладной математики,2024
Семенов Иван Иванович,DIP-2025-0114,Экономика,Магистр,Экономический факультет,2025
Егоров Иван Иванович,DIP-2020-0115,Юриспруденция,Специалист,Юридический факультет,2020
Павлов Иван Иванович,DIP-2021-0116,Менеджмент,Бакалавр,Факультет управления,2021
Козлов Иван Иванович,DIP-2022-0117,Строительство,Магистр,Инженерно-строительный факультет,2022
Степанов Иван Иванович,DIP-2023-0118,Электроэнергетика и электротехника,Специалист,Энергетический факультет,2023
Николаев Иван Иванович,DIP-2024-0119,Лингвистика,Бакалавр,Факультет иностранных языков,2024
Орлов Иван Иванович,DIP-2025-0120,Педагогическое образование,Магистр,Педагогический факультет,2025
Иванов Петр Иванович,DIP-2020-0121,Программная инженерия,Специалист,Факультет информационных технологий,2020
Петров Петр Иванович,DIP-2021-0122,Информационные системы и технологии,Бакалавр,Факультет информатики,2021
Сидоров Петр Иванович,DIP-2022-0123,Прикладная математика и информатика,Магистр,Факультет прикладной математики,2022
Смирнов Петр Иванович,DIP-2023-0124,Экономика,Специалист,Экономический факультет,2023
Кузнецов Петр Иванович,DIP-2024-0125,Юриспруденция,Бакалавр,Юридический факультет,2024
Попов Петр Иванович,DIP-2025-0126,Менеджмент,Магистр,Факультет управления,2025
Васильев Петр Иванович,DIP-2020-0127,Строительство,Специалист,Инженерно-строительный факультет,2020
Новиков Петр Иванович,DIP-2021-0128,Электроэнергетика и электротехника,Бакалавр,Энергетический факультет,2021
Федоров Петр Иванович,DIP-2022-0129,Лингвистика,Магистр,Факультет иностранных языков,2022
Морозов Петр Иванович,DIP-2023-0130,Педагогическое образование,Специалист,Педагогический факультет,2023
Волков Петр Иванович,DIP-2024-0131,Программная инженерия,Бакалавр,Факультет информационных технологий,2024
Алексеев Петр Иванович,DIP-2025-0132,Информационные системы и технологии,Магистр,Факультет информатики,2025
Лебедев Петр Иванович,DIP-2020-0133,Прикладная математика и информатика,Специалист,Факультет прикладной математики,2020
Семенов Петр Иванович,DIP-2021-0134,Экономика,Бакалавр,Экономический факультет,2021
Егоров Петр Иванович,DIP-2022-0135,Юриспруденция,Магистр,Юридический факультет,2022
Павлов Петр Иванович,DIP-2023-0136,Менеджмент,Специалист,Факультет управления,2023
Козлов Петр Иванович,DIP-2024-0137,Строительство,Бакалавр,Инженерно-строительный факультет,2024
Степанов Петр Иванович,DIP-2025-0138,Электроэнергетика и электротехника,Магистр,Энергетический факультет,2025
Николаев Петр Иванович,DIP-2020-0139,Лингвистика,Специалист,Факультет иностранных языков,2020
Орлов Петр Иванович,DIP-2021-0140,Педагогическое образование,Бакалавр,Педагогический факультет,2021
Иванов Алексей Петрович,DIP-2022-0141,Программная инженерия,Магистр,Факультет информационных технологий,2022
Петров Алексей Петрович,DIP-2023-0142,Информационные системы и технологии,Специалист,Факультет информатики,2023
Сидоров Алексей Петрович,DIP-2024-0143,Прикладная математика и информатика,Бакалавр,Факультет прикладной математики,2024
Смирнов Алексей Петрович,DIP-2025-0144,Экономика,Магистр,Экономический факультет,2025
Кузнецов Алексей Петрович,DIP-2020-0145,Юриспруденция,Специалист,Юридический факультет,2020
Попов Алексей Петрович,DIP-2021-0146,Менеджмент,Бакалавр,Факультет управления,2021
Васильев Алексей Петрович,DIP-2022-0147,Строительство,Магистр,Инженерно-строительный факультет,2022
Новиков Алексей Петрович,DIP-2023-0148,Электроэнергетика и электротехника,Специалист,Энергетический факультет,2023
Федоров Алексей Петрович,DIP-2024-0149,Лингвистика,Бакалавр,Факультет иностранных языков,2024
Морозов Алексей Петрович,DIP-2025-0150,Педагогическое образование,Магистр,Педагогический факультет,2025
Волков Алексей Петрович,DIP-2020-0151,Программная инженерия,Специалист,Факультет информационных технологий,2020
Алексеев Алексей Петрович,DIP-2021-0152,Информационные системы и технологии,Бакалавр,Факультет информатики,2021
Лебедев Алексей Петрович,DIP-2022-0153,Прикладная математика и информатика,Магистр,Факультет прикладной математики,2022
Семенов Алексей Петрович,DIP-2023-0154,Экономика,Специалист,Экономический факультет,2023
Егоров Алексей Петрович,DIP-2024-0155,Юриспруденция,Бакалавр,Юридический факультет,2024
Павлов Алексей Петрович,DIP-2025-0156,Менеджмент,Магистр,Факультет управления,2025
Козлов Алексей Петрович,DIP-2020-0157,Строительство,Специалист,Инженерно-строительный факультет,2020
Степанов Алексей Петрович,DIP-2021-0158,Электроэнергетика и электротехника,Бакалавр,Энергетический факультет,2021
Николаев Алексей Петрович,DIP-2022-0159,Лингвистика,Магистр,Факультет иностранных языков,2022
Орлов Алексей Петрович,DIP-2023-0160,Педагогическое образование,Специалист,Педагогический факультет,2023
Иванов Дмитрий Петрович,DIP-2024-0161,Программная инженерия,Бакалавр,Факультет информационных технологий,2024
Петров Дмитрий Петрович,DIP-2025-0162,Информационные системы и технологии,Магистр,Факультет информатики,2025
Сидоров Дмитрий Петрович,DIP-2020-0163,Прикладная математика и информатика,Специалист,Факультет прикладной математики,2020
Смирнов Дмитрий Петрович,DIP-2021-0164,Экономика,Бакалавр,Экономический факультет,2021
Кузнецов Дмитрий Петрович,DIP-2022-0165,Юриспруденция,Магистр,Юридический факультет,2022
Попов Дмитрий Петрович,DIP-2023-0166,Менеджмент,Специалист,Факультет управления,2023
Васильев Дмитрий Петрович,DIP-2024-0167,Строительство,Бакалавр,Инженерно-строительный факультет,2024
Новиков Дмитрий Петрович,DIP-2025-0168,Электроэнергетика и электротехника,Магистр,Энергетический факультет,2025
Федоров Дмитрий Петрович,DIP-2020-0169,Лингвистика,Специалист,Факультет иностранных языков,2020
Морозов Дмитрий Петрович,DIP-2021-0170,Педагогическое образование,Бакалавр,Педагогический факультет,2021
Волков Дмитрий Петрович,DIP-2022-0171,Программная инженерия,Магистр,Факультет информационных технологий,2022
Алексеев Дмитрий Петрович,DIP-2023-0172,Информационные системы и технологии,Специалист,Факультет информатики,2023
Лебедев Дмитрий Петрович,DIP-2024-0173,Прикладная математика и информатика,Бакалавр,Факультет прикладной математики,2024
Семенов Дмитрий Петрович,DIP-2025-0174,Экономика,Магистр,Экономический факультет,2025
Егоров Дмитрий Петрович,DIP-2020-0175,Юриспруденция,Специалист,Юридический факультет,2020
Павлов Дмитрий Петрович,DIP-2021-0176,Менеджмент,Бакалавр,Факультет управления,2021
Козлов Дмитрий Петрович,DIP-2022-0177,Строительство,Магистр,Инженерно-строительный факультет,2022
Степанов Дмитрий Петрович,DIP-2023-0178,Электроэнергетика и электротехника,Специалист,Энергетический факультет,2023
Николаев Дмитрий Петрович,DIP-2024-0179,Лингвистика,Бакалавр,Факультет иностранных языков,2024
Орлов Дмитрий Петрович,DIP-2025-0180,Педагогическое образование,Магистр,Педагогический факультет,2025
Иванов Максим Алексеевич,DIP-2020-0181,Программная инженерия,Специалист,Факультет информационных технологий,2020
Петров Максим Алексеевич,DIP-2021-0182,Информационные системы и технологии,Бакалавр,Факультет информатики,2021
Сидоров Максим Алексеевич,DIP-2022-0183,Прикладная математика и информатика,Магистр,Факультет прикладной математики,2022
Смирнов Максим Алексеевич,DIP-2023-0184,Экономика,Специалист,Экономический факультет,2023
Кузнецов Максим Алексеевич,DIP-2024-0185,Юриспруденция,Бакалавр,Юридический факультет,2024
Попов Максим Алексеевич,DIP-2025-0186,Менеджмент,Магистр,Факультет управления,2025
Васильев Максим Алексеевич,DIP-2020-0187,Строительство,Специалист,Инженерно-строительный факультет,2020
Новиков Максим Алексеевич,DIP-2021-0188,Электроэнергетика и электротехника,Бакалавр,Энергетический факультет,2021
Федоров Максим Алексеевич,DIP-2022-0189,Лингвистика,Магистр,Факультет иностранных языков,2022
Морозов Максим Алексеевич,DIP-2023-0190,Педагогическое образование,Специалист,Педагогический факультет,2023
Волков Максим Алексеевич,DIP-2024-0191,Программная инженерия,Бакалавр,Факультет информационных технологий,2024
Алексеев Максим Алексеевич,DIP-2025-0192,Информационные системы и технологии,Магистр,Факультет информатики,2025
Лебедев Максим Алексеевич,DIP-2020-0193,Прикладная математика и информатика,Специалист,Факультет прикладной математики,2020
Семенов Максим Алексеевич,DIP-2021-0194,Экономика,Бакалавр,Экономический факультет,2021
Егоров Максим Алексеевич,DIP-2022-0195,Юриспруденция,Магистр,Юридический факультет,2022
Павлов Максим Алексеевич,DIP-2023-0196,Менеджмент,Специалист,Факультет управления,2023
Козлов Максим Алексеевич,DIP-2024-0197,Строительство,Бакалавр,Инженерно-строительный факультет,2024
Степанов Максим Алексеевич,DIP-2025-0198,Электроэнергетика и электротехника,Магистр,Энергетический факультет,2025
Николаев Максим Алексеевич,DIP-2020-0199,Лингвистика,Специалист,Факультет иностранных языков,2020
Орлов Максим Алексеевич,DIP-2021-0200,Педагогическое образование,Бакалавр,Педагогический факультет,2021
Иванов Иван Иванович,DIP-2022-0201,Программная инженерия,Бакалавр,Факультет информационных технологий,2022
Петров Иван Иванович,DIP-2023-0202,Информационные системы и технологии,Магистр,Факультет информатики,2023
Сидоров Иван Иванович,DIP-2024-0203,Прикладная математика и информатика,Специалист,Факультет прикладной математики,2024
Смирнов Иван Иванович,DIP-2025-0204,Экономика,Бакалавр,Экономический факультет,2025
Кузнецов Иван Иванович,DIP-2020-0205,Юриспруденция,Магистр,Юридический факультет,2020
Попов Иван Иванович,DIP-2021-0206,Менеджмент,Специалист,Факультет управления,2021
Васильев Иван Иванович,DIP-2022-0207,Строительство,Бакалавр,Инженерно-строительный факультет,2022
Новиков Иван Иванович,DIP-2023-0208,Электроэнергетика и электротехника,Магистр,Энергетический факультет,2023
Федоров Иван Иванович,DIP-2024-0209,Лингвистика,Специалист,Факультет иностранных языков,2024
Морозов Иван Иванович,DIP-2025-0210,Педагогическое образование,Бакалавр,Педагогический факультет,2025
Волков Иван Иванович,DIP-2020-0211,Программная инженерия,Магистр,Факультет информационных технологий,2020
Алексеев Иван Иванович,DIP-2021-0212,Информационные системы и технологии,Специалист,Факультет информатики,2021
Лебедев Иван Иванович,DIP-2022-0213,Прикладная математика и информатика,Бакалавр,Факультет прикладной математики,2022
Семенов Иван Иванович,DIP-2023-0214,Экономика,Магистр,Экономический факультет,2023
Егоров Иван Иванович,DIP-2024-0215,Юриспруденция,Специалист,Юридический факультет,2024
Павлов Иван Иванович,DIP-2025-0216,Менеджмент,Бакалавр,Факультет управления,2025
Козлов Иван Иванович,DIP-2020-0217,Строительство,Магистр,Инженерно-строительный факультет,2020
Степанов Иван Иванович,DIP-2021-0218,Электроэнергетика и электротехника,Специалист,Энергетический факультет,2021
Николаев Иван Иванович,DIP-2022-0219,Лингвистика,Бакалавр,Факультет иностранных языков,2022
Орлов Иван Иванович,DIP-2023-0220,Педагогическое образование,Магистр,Педагогический факультет,2023
Иванов Петр Иванович,DIP-2024-0221,Программная инженерия,Специалист,Факультет информационных технологий,2024
Петров Петр Иванович,DIP-2025-0222,Информационные системы и технологии,Бакалавр,Факультет информатики,2025
Сидоров Петр Иванович,DIP-2020-0223,Прикладная математика и информатика,Магистр,Факультет прикладной математики,2020
Смирнов Петр Иванович,DIP-2021-0224,Экономика,Специалист,Экономический факультет,2021
Кузнецов Петр Иванович,DIP-2022-0225,Юриспруденция,Бакалавр,Юридический факультет,2022
Попов Петр Иванович,DIP-2023-0226,Менеджмент,Магистр,Факультет управления,2023
Васильев Петр Иванович,DIP-2024-0227,Строительство,Специалист,Инженерно-строительный факультет,2024
Новиков Петр Иванович,DIP-2025-0228,Электроэнергетика и электротехника,Бакалавр,Энергетический факультет,2025
Федоров Петр Иванович,DIP-2020-0229,Лингвистика,Магистр,Факультет иностранных языков,2020
Морозов Петр Иванович,DIP-2021-0230,Педагогическое образование,Специалист,Педагогический факультет,2021
Волков Петр Иванович,DIP-2022-0231,Программная инженерия,Бакалавр,Факультет информационных технологий,2022
Алексеев Петр Иванович,DIP-2023-0232,Информационные системы и технологии,Магистр,Факультет информатики,2023
Лебедев Петр Иванович,DIP-2024-0233,Прикладная математика и информатика,Специалист,Факультет прикладной математики,2024
Семенов Петр Иванович,DIP-2025-0234,Экономика,Бакалавр,Экономический факультет,2025
Егоров Петр Иванович,DIP-2020-0235,Юриспруденция,Магистр,Юридический факультет,2020
Павлов Петр Иванович,DIP-2021-0236,Менеджмент,Специалист,Факультет управления,2021
Козлов Петр Иванович,DIP-2022-0237,Строительство,Бакалавр,Инженерно-строительный факультет,2022
Степанов Петр Иванович,DIP-2023-0238,Электроэнергетика и электротехника,Магистр,Энергетический факультет,2023
Николаев Петр Иванович,DIP-2024-0239,Лингвистика,Специалист,Факультет иностранных языков,2024
Орлов Петр Иванович,DIP-2025-0240,Педагогическое образование,Бакалавр,Педагогический факультет,2025
Иванов Алексей Петрович,DIP-2020-0241,Программная инженерия,Магистр,Факультет информационных технологий,2020
Петров Алексей Петрович,DIP-2021-0242,Информационные системы и технологии,Специалист,Факультет информатики,2021
Сидоров Алексей Петрович,DIP-2022-0243,Прикладная математика и информатика,Бакалавр,Факультет прикладной математики,2022
Смирнов Алексей Петрович,DIP-2023-0244,Экономика,Магистр,Экономический факультет,2023
Кузнецов Алексей Петрович,DIP-2024-0245,Юриспруденция,Специалист,Юридический факультет,2024
Попов Алексей Петрович,DIP-2025-0246,Менеджмент,Бакалавр,Факультет управления,2025
Васильев Алексей Петрович,DIP-2020-0247,Строительство,Магистр,Инженерно-строительный факультет,2020
Новиков Алексей Петрович,DIP-2021-0248,Электроэнергетика и электротехника,Специалист,Энергетический факультет,2021
Федоров Алексей Петрович,DIP-2022-0249,Лингвистика,Бакалавр,Факультет иностранных языков,2022
Морозов Алексей Петрович,DIP-2023-0250,Педагогическое образование,Магистр,Педагогический факультет,2023
Волков Алексей Петрович,DIP-2024-0251,Программная инженерия,Специалист,Факультет информационных технологий,2024
Алексеев Алексей Петрович,DIP-2025-0252,Информационные системы и технологии,Бакалавр,Факультет информатики,2025
Лебедев Алексей Петрович,DIP-2020-0253,Прикладная математика и информатика,Магистр,Факультет прикладной математики,2020
Семенов Алексей Петрович,DIP-2021-0254,Экономика,Специалист,Экономический факультет,2021
Егоров Алексей Петрович,DIP-2022-0255,Юриспруденция,Бакалавр,Юридический факультет,2022
Павлов Алексей Петрович,DIP-2023-0256,Менеджмент,Магистр,Факультет управления,2023
Козлов Алексей Петрович,DIP-2024-0257,Строительство,Специалист,Инженерно-строительный факультет,2024
Степанов Алексей Петрович,DIP-2025-0258,Электроэнергетика и электротехника,Бакалавр,Энергетический факультет,2025
Николаев Алексей Петрович,DIP-2020-0259,Лингвистика,Магистр,Факультет иностранных языков,2020
Орлов Алексей Петрович,DIP-2021-0260,Педагогическое образование,Специалист,Педагогический факультет,2021
Иванов Дмитрий Петрович,DIP-2022-0261,Программная инженерия,Бакалавр,Факультет информационных технологий,2022
Петров Дмитрий Петрович,DIP-2023-0262,Информационные системы и технологии,Магистр,Факультет информатики,2023
Сидоров Дмитрий Петрович,DIP-2024-0263,Прикладная математика и информатика,Специалист,Факультет прикладной математики,2024
Смирнов Дмитрий Петрович,DIP-2025-0264,Экономика,Бакалавр,Экономический факультет,2025
Кузнецов Дмитрий Петрович,DIP-2020-0265,Юриспруденция,Магистр,Юридический факультет,2020
Попов Дмитрий Петрович,DIP-2021-0266,Менеджмент,Специалист,Факультет управления,2021
Васильев Дмитрий Петрович,DIP-2022-0267,Строительство,Бакалавр,Инженерно-строительный факультет,2022
Новиков Дмитрий Петрович,DIP-2023-0268,Электроэнергетика и электротехника,Магистр,Энергетический факультет,2023
Федоров Дмитрий Петрович,DIP-2024-0269,Лингвистика,Специалист,Факультет иностранных языков,2024
Морозов Дмитрий Петрович,DIP-2025-0270,Педагогическое образование,Бакалавр,Педагогический факультет,2025
Волков Дмитрий Петрович,DIP-2020-0271,Программная инженерия,Магистр,Факультет информационных технологий,2020
Алексеев Дмитрий Петрович,DIP-2021-0272,Информационные системы и технологии,Специалист,Факультет информатики,2021
Лебедев Дмитрий Петрович,DIP-2022-0273,Прикладная математика и информатика,Бакалавр,Факультет прикладной математики,2022
Семенов Дмитрий Петрович,DIP-2023-0274,Экономика,Магистр,Экономический факультет,2023
Егоров Дмитрий Петрович,DIP-2024-0275,Юриспруденция,Специалист,Юридический факультет,2024
Павлов Дмитрий Петрович,DIP-2025-0276,Менеджмент,Бакалавр,Факультет управления,2025
Козлов Дмитрий Петрович,DIP-2020-0277,Строительство,Магистр,Инженерно-строительный факультет,2020
Степанов Дмитрий Петрович,DIP-2021-0278,Электроэнергетика и электротехника,Специалист,Энергетический факультет,2021
Николаев Дмитрий Петрович,DIP-2022-0279,Лингвистика,Бакалавр,Факультет иностранных языков,2022
Орлов Дмитрий Петрович,DIP-2023-0280,Педагогическое образование,Магистр,Педагогический факультет,2023
Иванов Максим Алексеевич,DIP-2024-0281,Программная инженерия,Специалист,Факультет информационных технологий,2024
Петров Максим Алексеевич,DIP-2025-0282,Информационные системы и технологии,Бакалавр,Факультет информатики,2025
Сидоров Максим Алексеевич,DIP-2020-0283,Прикладная математика и информатика,Магистр,Факультет прикладной математики,2020
Смирнов Максим Алексеевич,DIP-2021-0284,Экономика,Специалист,Экономический факультет,2021
Кузнецов Максим Алексеевич,DIP-2022-0285,Юриспруденция,Бакалавр,Юридический факультет,2022
Попов Максим Алексеевич,DIP-2023-0286,Менеджмент,Магистр,Факультет управления,2023
Васильев Максим Алексеевич,DIP-2024-0287,Строительство,Специалист,Инженерно-строительный факультет,2024
Новиков Максим Алексеевич,DIP-2025-0288,Электроэнергетика и электротехника,Бакалавр,Энергетический факультет,2025
Федоров Максим Алексеевич,DIP-2020-0289,Лингвистика,Магистр,Факультет иностранных языков,2020
Морозов Максим Алексеевич,DIP-2021-0290,Педагогическое образование,Специалист,Педагогический факультет,2021
Волков Максим Алексеевич,DIP-2022-0291,Программная инженерия,Бакалавр,Факультет информационных технологий,2022
Алексеев Максим Алексеевич,DIP-2023-0292,Информационные системы и технологии,Магистр,Факультет информатики,2023
Лебедев Максим Алексеевич,DIP-2024-0293,Прикладная математика и информатика,Специалист,Факультет прикладной математики,2024
Семенов Максим Алексеевич,DIP-2025-0294,Экономика,Бакалавр,Экономический факультет,2025
Егоров Максим Алексеевич,DIP-2020-0295,Юриспруденция,Магистр,Юридический факультет,2020
Павлов Максим Алексеевич,DIP-2021-0296,Менеджмент,Специалист,Факультет управления,2021
Козлов Максим Алексеевич,DIP-2022-0297,Строительство,Бакалавр,Инженерно-строительный факультет,2022
Степанов Максим Алексеевич,DIP-2023-0298,Электроэнергетика и электротехника,Магистр,Энергетический факультет,2023
Николаев Максим Алексеевич,DIP-2024-0299,Лингвистика,Специалист,Факультет иностранных языков,2024
Орлов Максим Алексеевич,DIP-2025-0300,Педагогическое образование,Бакалавр,Педагогический факультет,2025
Иванов Иван Иванович,DIP-2020-0301,Программная инженерия,Бакалавр,Факультет информационных технологий,2020
Петров Иван Иванович,DIP-2021-0302,Информационные системы и технологии,Магистр,Факультет информатики,2021
Сидоров Иван Иванович,DIP-2022-0303,Прикладная математика и информатика,Специалист,Факультет прикладной математики,2022
Смирнов Иван Иванович,DIP-2023-0304,Экономика,Бакалавр,Экономический факультет,2023
Кузнецов Иван Иванович,DIP-2024-0305,Юриспруденция,Магистр,Юридический факультет,2024
Попов Иван Иванович,DIP-2025-0306,Менеджмент,Специалист,Факультет управления,2025
Васильев Иван Иванович,DIP-2020-0307,Строительство,Бакалавр,Инженерно-строительный факультет,2020
Новиков Иван Иванович,DIP-2021-0308,Электроэнергетика и электротехника,Магистр,Энергетический факультет,2021
Федоров Иван Иванович,DIP-2022-0309,Лингвистика,Специалист,Факультет иностранных языков,2022
Морозов Иван Иванович,DIP-2023-0310,Педагогическое образование,Бакалавр,Педагогический факультет,2023
Волков Иван Иванович,DIP-2024-0311,Программная инженерия,Магистр,Факультет информационных технологий,2024
Алексеев Иван Иванович,DIP-2025-0312,Информационные системы и технологии,Специалист,Факультет информатики,2025
Лебедев Иван Иванович,DIP-2020-0313,Прикладная математика и информатика,Бакалавр,Факультет прикладной математики,2020
Семенов Иван Иванович,DIP-2021-0314,Экономика,Магистр,Экономический факультет,2021
Егоров Иван Иванович,DIP-2022-0315,Юриспруденция,Специалист,Юридический факультет,2022
Павлов Иван Иванович,DIP-2023-0316,Менеджмент,Бакалавр,Факультет управления,2023
Козлов Иван Иванович,DIP-2024-0317,Строительство,Магистр,Инженерно-строительный факультет,2024
Степанов Иван Иванович,DIP-2025-0318,Электроэнергетика и электротехника,Специалист,Энергетический факультет,2025
Николаев Иван Иванович,DIP-2020-0319,Лингвистика,Бакалавр,Факультет иностранных языков,2020
Орлов Иван Иванович,DIP-2021-0320,Педагогическое образование,Магистр,Педагогический факультет,2021
Иванов Петр Иванович,DIP-2022-0321,Программная инженерия,Специалист,Факультет информационных технологий,2022
Петров Петр Иванович,DIP-2023-0322,Информационные системы и технологии,Бакалавр,Факультет информатики,2023
Сидоров Петр Иванович,DIP-2024-0323,Прикладная математика и информатика,Магистр,Факультет прикладной математики,2024
Смирнов Петр Иванович,DIP-2025-0324,Экономика,Специалист,Экономический факультет,2025
Кузнецов Петр Иванович,DIP-2020-0325,Юриспруденция,Бакалавр,Юридический факультет,2020
Попов Петр Иванович,DIP-2021-0326,Менеджмент,Магистр,Факультет управления,2021
Васильев Петр Иванович,DIP-2022-0327,Строительство,Специалист,Инженерно-строительный факультет,2022
Новиков Петр Иванович,DIP-2023-0328,Электроэнергетика и электротехника,Бакалавр,Энергетический факультет,2023
Федоров Петр Иванович,DIP-2024-0329,Лингвистика,Магистр,Факультет иностранных языков,2024
Морозов Петр Иванович,DIP-2025-0330,Педагогическое образование,Специалист,Педагогический факультет,2025
Волков Петр Иванович,DIP-2020-0331,Программная инженерия,Бакалавр,Факультет информационных технологий,2020
Алексеев Петр Иванович,DIP-2021-0332,Информационные системы и технологии,Магистр,Факультет информатики,2021
Лебедев Петр Иванович,DIP-2022-0333,Прикладная математика и информатика,Специалист,Факультет прикладной математики,2022
Семенов Петр Иванович,DIP-2023-0334,Экономика,Бакалавр,Экономический факультет,2023
Егоров Петр Иванович,DIP-2024-0335,Юриспруденция,Магистр,Юридический факультет,2024
Павлов Петр Иванович,DIP-2025-0336,Менеджмент,Специалист,Факультет управления,2025
Козлов Петр Иванович,DIP-2020-0337,Строительство,Бакалавр,Инженерно-строительный факультет,2020
Степанов Петр Иванович,DIP-2021-0338,Электроэнергетика и электротехника,Магистр,Энергетический факультет,2021
Николаев Петр Иванович,DIP-2022-0339,Лингвистика,Специалист,Факультет иностранных языков,2022
Орлов Петр Иванович,DIP-2023-0340,Педагогическое образование,Бакалавр,Педагогический факультет,2023
Иванов Алексей Петрович,DIP-2024-0341,Программная инженерия,Магистр,Факультет информационных технологий,2024
Петров Алексей Петрович,DIP-2025-0342,Информационные системы и технологии,Специалист,Факультет информатики,2025
Сидоров Алексей Петрович,DIP-2020-0343,Прикладная математика и информатика,Бакалавр,Факультет прикладной математики,2020
Смирнов Алексей Петрович,DIP-2021-0344,Экономика,Магистр,Экономический факультет,2021
Кузнецов Алексей Петрович,DIP-2022-0345,Юриспруденция,Специалист,Юридический факультет,2022
Попов Алексей Петрович,DIP-2023-0346,Менеджмент,Бакалавр,Факультет управления,2023
Васильев Алексей Петрович,DIP-2024-0347,Строительство,Магистр,Инженерно-строительный факультет,2024
Новиков Алексей Петрович,DIP-2025-0348,Электроэнергетика и электротехника,Специалист,Энергетический факультет,2025
Федоров Алексей Петрович,DIP-2020-0349,Лингвистика,Бакалавр,Факультет иностранных языков,2020
Морозов Алексей Петрович,DIP-2021-0350,Педагогическое образование,Магистр,Педагогический факультет,2021
Волков Алексей Петрович,DIP-2022-0351,Программная инженерия,Специалист,Факультет информационных технологий,2022
Алексеев Алексей Петрович,DIP-2023-0352,Информационные системы и технологии,Бакалавр,Факультет информатики,2023
Лебедев Алексей Петрович,DIP-2024-0353,Прикладная математика и информатика,Магистр,Факультет прикладной математики,2024
Семенов Алексей Петрович,DIP-2025-0354,Экономика,Специалист,Экономический факультет,2025
Егоров Алексей Петрович,DIP-2020-0355,Юриспруденция,Бакалавр,Юридический факультет,2020
Павлов Алексей Петрович,DIP-2021-0356,Менеджмент,Магистр,Факультет управления,2021
Козлов Алексей Петрович,DIP-2022-0357,Строительство,Специалист,Инженерно-строительный факультет,2022
Степанов Алексей Петрович,DIP-2023-0358,Электроэнергетика и электротехника,Бакалавр,Энергетический факультет,2023
Николаев Алексей Петрович,DIP-2024-0359,Лингвистика,Магистр,Факультет иностранных языков,2024
Орлов Алексей Петрович,DIP-2025-0360,Педагогическое образование,Специалист,Педагогический факультет,2025
Иванов Дмитрий Петрович,DIP-2020-0361,Программная инженерия,Бакалавр,Факультет информационных технологий,2020
Петров Дмитрий Петрович,DIP-2021-0362,Информационные системы и технологии,Магистр,Факультет информатики,2021
Сидоров Дмитрий Петрович,DIP-2022-0363,Прикладная математика и информатика,Специалист,Факультет прикладной математики,2022
Смирнов Дмитрий Петрович,DIP-2023-0364,Экономика,Бакалавр,Экономический факультет,2023
Кузнецов Дмитрий Петрович,DIP-2024-0365,Юриспруденция,Магистр,Юридический факультет,2024
Попов Дмитрий Петрович,DIP-2025-0366,Менеджмент,Специалист,Факультет управления,2025
Васильев Дмитрий Петрович,DIP-2020-0367,Строительство,Бакалавр,Инженерно-строительный факультет,2020
Новиков Дмитрий Петрович,DIP-2021-0368,Электроэнергетика и электротехника,Магистр,Энергетический факультет,2021
Федоров Дмитрий Петрович,DIP-2022-0369,Лингвистика,Специалист,Факультет иностранных языков,2022
Морозов Дмитрий Петрович,DIP-2023-0370,Педагогическое образование,Бакалавр,Педагогический факультет,2023
Волков Дмитрий Петрович,DIP-2024-0371,Программная инженерия,Магистр,Факультет информационных технологий,2024
Алексеев Дмитрий Петрович,DIP-2025-0372,Информационные системы и технологии,Специалист,Факультет информатики,2025
Лебедев Дмитрий Петрович,DIP-2020-0373,Прикладная математика и информатика,Бакалавр,Факультет прикладной математики,2020
Семенов Дмитрий Петрович,DIP-2021-0374,Экономика,Магистр,Экономический факультет,2021
Егоров Дмитрий Петрович,DIP-2022-0375,Юриспруденция,Специалист,Юридический факультет,2022
Павлов Дмитрий Петрович,DIP-2023-0376,Менеджмент,Бакалавр,Факультет управления,2023
Козлов Дмитрий Петрович,DIP-2024-0377,Строительство,Магистр,Инженерно-строительный факультет,2024
Степанов Дмитрий Петрович,DIP-2025-0378,Электроэнергетика и электротехника,Специалист,Энергетический факультет,2025
Николаев Дмитрий Петрович,DIP-2020-0379,Лингвистика,Бакалавр,Факультет иностранных языков,2020
Орлов Дмитрий Петрович,DIP-2021-0380,Педагогическое образование,Магистр,Педагогический факультет,2021
Иванов Максим Алексеевич,DIP-2022-0381,Программная инженерия,Специалист,Факультет информационных технологий,2022
Петров Максим Алексеевич,DIP-2023-0382,Информационные системы и технологии,Бакалавр,Факультет информатики,2023
Сидоров Максим Алексеевич,DIP-2024-0383,Прикладная математика и информатика,Магистр,Факультет прикладной математики,2024
Смирнов Максим Алексеевич,DIP-2025-0384,Экономика,Специалист,Экономический факультет,2025
Кузнецов Максим Алексеевич,DIP-2020-0385,Юриспруденция,Бакалавр,Юридический факультет,2020
Попов Максим Алексеевич,DIP-2021-0386,Менеджмент,Магистр,Факультет управления,2021
Васильев Максим Алексеевич,DIP-2022-0387,Строительство,Специалист,Инженерно-строительный факультет,2022
Новиков Максим Алексеевич,DIP-2023-0388,Электроэнергетика и электротехника,Бакалавр,Энергетический факультет,2023
Федоров Максим Алексеевич,DIP-2024-0389,Лингвистика,Магистр,Факультет иностранных языков,2024
Морозов Максим Алексеевич,DIP-2025-0390,Педагогическое образование,Специалист,Педагогический факультет,2025
Волков Максим Алексеевич,DIP-2020-0391,Программная инженерия,Бакалавр,Факультет информационных технологий,2020
Алексеев Максим Алексеевич,DIP-2021-0392,Информационные системы и технологии,Магистр,Факультет информатики,2021
Лебедев Максим Алексеевич,DIP-2022-0393,Прикладная математика и информатика,Специалист,Факультет прикладной математики,2022
Семенов Максим Алексеевич,DIP-2023-0394,Экономика,Бакалавр,Экономический факультет,2023
Егоров Максим Алексеевич,DIP-2024-0395,Юриспруденция,Магистр,Юридический факультет,2024
Павлов Максим Алексеевич,DIP-2025-0396,Менеджмент,Специалист,Факультет управления,2025
Козлов Максим Алексеевич,DIP-2020-0397,Строительство,Бакалавр,Инженерно-строительный факультет,2020
Степанов Максим Алексеевич,DIP-2021-0398,Электроэнергетика и электротехника,Магистр,Энергетический факультет,2021
Николаев Максим Алексеевич,DIP-2022-0399,Лингвистика,Специалист,Факультет иностранных языков,2022
Орлов Максим Алексеевич,DIP-2023-0400,Педагогическое образование,Бакалавр,Педагогический факультет,2023
Иванов Иван Иванович,DIP-2024-0401,Программная инженерия,Бакалавр,Факультет информационных технологий,2024
Петров Иван Иванович,DIP-2025-0402,Информационные системы и технологии,Магистр,Факультет информатики,2025
Сидоров Иван Иванович,DIP-2020-0403,Прикладная математика и информатика,Специалист,Факультет прикладной математики,2020
Смирнов Иван Иванович,DIP-2021-0404,Экономика,Бакалавр,Экономический факультет,2021
Кузнецов Иван Иванович,DIP-2022-0405,Юриспруденция,Магистр,Юридический факультет,2022
Попов Иван Иванович,DIP-2023-0406,Менеджмент,Специалист,Факультет управления,2023
Васильев Иван Иванович,DIP-2024-0407,Строительство,Бакалавр,Инженерно-строительный факультет,2024
Новиков Иван Иванович,DIP-2025-0408,Электроэнергетика и электротехника,Магистр,Энергетический факультет,2025
Федоров Иван Иванович,DIP-2020-0409,Лингвистика,Специалист,Факультет иностранных языков,2020
Морозов Иван Иванович,DIP-2021-0410,Педагогическое образование,Бакалавр,Педагогический факультет,2021
Волков Иван Иванович,DIP-2022-0411,Программная инженерия,Магистр,Факультет информационных технологий,2022
Алексеев Иван Иванович,DIP-2023-0412,Информационные системы и технологии,Специалист,Факультет информатики,2023
Лебедев Иван Иванович,DIP-2024-0413,Прикладная математика и информатика,Бакалавр,Факультет прикладной математики,2024
Семенов Иван Иванович,DIP-2025-0414,Экономика,Магистр,Экономический факультет,2025
Егоров Иван Иванович,DIP-2020-0415,Юриспруденция,Специалист,Юридический факультет,2020
Павлов Иван Иванович,DIP-2021-0416,Менеджмент,Бакалавр,Факультет управления,2021
Козлов Иван Иванович,DIP-2022-0417,Строительство,Магистр,Инженерно-строительный факультет,2022
Степанов Иван Иванович,DIP-2023-0418,Электроэнергетика и электротехника,Специалист,Энергетический факультет,2023
Николаев Иван Иванович,DIP-2024-0419,Лингвистика,Бакалавр,Факультет иностранных языков,2024
Орлов Иван Иванович,DIP-2025-0420,Педагогическое образование,Магистр,Педагогический факультет,2025
Иванов Петр Иванович,DIP-2020-0421,Программная инженерия,Специалист,Факультет информационных технологий,2020
Петров Петр Иванович,DIP-2021-0422,Информационные системы и технологии,Бакалавр,Факультет информатики,2021
Сидоров Петр Иванович,DIP-2022-0423,Прикладная математика и информатика,Магистр,Факультет прикладной математики,2022
Смирнов Петр Иванович,DIP-2023-0424,Экономика,Специалист,Экономический факультет,2023
Кузнецов Петр Иванович,DIP-2024-0425,Юриспруденция,Бакалавр,Юридический факультет,2024
Попов Петр Иванович,DIP-2025-0426,Менеджмент,Магистр,Факультет управления,2025
Васильев Петр Иванович,DIP-2020-0427,Строительство,Специалист,Инженерно-строительный факультет,2020
Новиков Петр Иванович,DIP-2021-0428,Электроэнергетика и электротехника,Бакалавр,Энергетический факультет,2021
Федоров Петр Иванович,DIP-2022-0429,Лингвистика,Магистр,Факультет иностранных языков,2022
Морозов Петр Иванович,DIP-2023-0430,Педагогическое образование,Специалист,Педагогический факультет,2023
Волков Петр Иванович,DIP-2024-0431,Программная инженерия,Бакалавр,Факультет информационных технологий,2024
Алексеев Петр Иванович,DIP-2025-0432,Информационные системы и технологии,Магистр,Факультет информатики,2025
Лебедев Петр Иванович,DIP-2020-0433,Прикладная математика и информатика,Специалист,Факультет прикладной математики,2020
Семенов Петр Иванович,DIP-2021-0434,Экономика,Бакалавр,Экономический факультет,2021
Егоров Петр Иванович,DIP-2022-0435,Юриспруденция,Магистр,Юридический факультет,2022
Павлов Петр Иванович,DIP-2023-0436,Менеджмент,Специалист,Факультет управления,2023
Козлов Петр Иванович,DIP-2024-0437,Строительство,Бакалавр,Инженерно-строительный факультет,2024
Степанов Петр Иванович,DIP-2025-0438,Электроэнергетика и электротехника,Магистр,Энергетический факультет,2025
Николаев Петр Иванович,DIP-2020-0439,Лингвистика,Специалист,Факультет иностранных языков,2020
Орлов Петр Иванович,DIP-2021-0440,Педагогическое образование,Бакалавр,Педагогический факультет,2021
Иванов Алексей Петрович,DIP-2022-0441,Программная инженерия,Магистр,Факультет информационных технологий,2022
Петров Алексей Петрович,DIP-2023-0442,Информационные системы и технологии,Специалист,Факультет информатики,2023
Сидоров Алексей Петрович,DIP-2024-0443,Прикладная математика и информатика,Бакалавр,Факультет прикладной математики,2024
Смирнов Алексей Петрович,DIP-2025-0444,Экономика,Магистр,Экономический факультет,2025
Кузнецов Алексей Петрович,DIP-2020-0445,Юриспруденция,Специалист,Юридический факультет,2020
Попов Алексей Петрович,DIP-2021-0446,Менеджмент,Бакалавр,Факультет управления,2021
Васильев Алексей Петрович,DIP-2022-0447,Строительство,Магистр,Инженерно-строительный факультет,2022
Новиков Алексей Петрович,DIP-2023-0448,Электроэнергетика и электротехника,Специалист,Энергетический факультет,2023
Федоров Алексей Петрович,DIP-2024-0449,Лингвистика,Бакалавр,Факультет иностранных языков,2024
Морозов Алексей Петрович,DIP-2025-0450,Педагогическое образование,Магистр,Педагогический факультет,2025
Волков Алексей Петрович,DIP-2020-0451,Программная инженерия,Специалист,Факультет информационных технологий,2020
Алексеев Алексей Петрович,DIP-2021-0452,Информационные системы и технологии,Бакалавр,Факультет информатики,2021
Лебедев Алексей Петрович,DIP-2022-0453,Прикладная математика и информатика,Магистр,Факультет прикладной математики,2022
Семенов Алексей Петрович,DIP-2023-0454,Экономика,Специалист,Экономический факультет,2023
Егоров Алексей Петрович,DIP-2024-0455,Юриспруденция,Бакалавр,Юридический факультет,2024
Павлов Алексей Петрович,DIP-2025-0456,Менеджмент,Магистр,Факультет управления,2025
Козлов Алексей Петрович,DIP-2020-0457,Строительство,Специалист,Инженерно-строительный факультет,2020
Степанов Алексей Петрович,DIP-2021-0458,Электроэнергетика и электротехника,Бакалавр,Энергетический факультет,2021
Николаев Алексей Петрович,DIP-2022-0459,Лингвистика,Магистр,Факультет иностранных языков,2022
Орлов Алексей Петрович,DIP-2023-0460,Педагогическое образование,Специалист,Педагогический факультет,2023
Иванов Дмитрий Петрович,DIP-2024-0461,Программная инженерия,Бакалавр,Факультет информационных технологий,2024
Петров Дмитрий Петрович,DIP-2025-0462,Информационные системы и технологии,Магистр,Факультет информатики,2025
Сидоров Дмитрий Петрович,DIP-2020-0463,Прикладная математика и информатика,Специалист,Факультет прикладной математики,2020
Смирнов Дмитрий Петрович,DIP-2021-0464,Экономика,Бакалавр,Экономический факультет,2021
Кузнецов Дмитрий Петрович,DIP-2022-0465,Юриспруденция,Магистр,Юридический факультет,2022
Попов Дмитрий Петрович,DIP-2023-0466,Менеджмент,Специалист,Факультет управления,2023
Васильев Дмитрий Петрович,DIP-2024-0467,Строительство,Бакалавр,Инженерно-строительный факультет,2024
Новиков Дмитрий Петрович,DIP-2025-0468,Электроэнергетика и электротехника,Магистр,Энергетический факультет,2025
Федоров Дмитрий Петрович,DIP-2020-0469,Лингвистика,Специалист,Факультет иностранных языков,2020
Морозов Дмитрий Петрович,DIP-2021-0470,Педагогическое образование,Бакалавр,Педагогический факультет,2021
Волков Дмитрий Петрович,DIP-2022-0471,Программная инженерия,Магистр,Факультет информационных технологий,2022
Алексеев Дмитрий Петрович,DIP-2023-0472,Информационные системы и технологии,Специалист,Факультет информатики,2023
Лебедев Дмитрий Петрович,DIP-2024-0473,Прикладная математика и информатика,Бакалавр,Факультет прикладной математики,2024
Семенов Дмитрий Петрович,DIP-2025-0474,Экономика,Магистр,Экономический факультет,2025
Егоров Дмитрий Петрович,DIP-2020-0475,Юриспруденция,Специалист,Юридический факультет,2020
Павлов Дмитрий Петрович,DIP-2021-0476,Менеджмент,Бакалавр,Факультет управления,2021
Козлов Дмитрий Петрович,DIP-2022-0477,Строительство,Магистр,Инженерно-строительный факультет,2022
Степанов Дмитрий Петрович,DIP-2023-0478,Электроэнергетика и электротехника,Специалист,Энергетический факультет,2023
Николаев Дмитрий Петрович,DIP-2024-0479,Лингвистика,Бакалавр,Факультет иностранных языков,2024
Орлов Дмитрий Петрович,DIP-2025-0480,Педагогическое образование,Магистр,Педагогический факультет,2025
Иванов Максим Алексеевич,DIP-2020-0481,Программная инженерия,Специалист,Факультет информационных технологий,2020
Петров Максим Алексеевич,DIP-2021-0482,Информационные системы и технологии,Бакалавр,Факультет информатики,2021
Сидоров Максим Алексеевич,DIP-2022-0483,Прикладная математика и информатика,Магистр,Факультет прикладной математики,2022
Смирнов Максим Алексеевич,DIP-2023-0484,Экономика,Специалист,Экономический факультет,2023
Кузнецов Максим Алексеевич,DIP-2024-0485,Юриспруденция,Бакалавр,Юридический факультет,2024
Попов Максим Алексеевич,DIP-2025-0486,Менеджмент,Магистр,Факультет управления,2025
Васильев Максим Алексеевич,DIP-2020-0487,Строительство,Специалист,Инженерно-строительный факультет,2020
Новиков Максим Алексеевич,DIP-2021-0488,Электроэнергетика и электротехника,Бакалавр,Энергетический факультет,2021
Федоров Максим Алексеевич,DIP-2022-0489,Лингвистика,Магистр,Факультет иностранных языков,2022
Морозов Максим Алексеевич,DIP-2023-0490,Педагогическое образование,Специалист,Педагогический факультет,2023
Волков Максим Алексеевич,DIP-2024-0491,Программная инженерия,Бакалавр,Факультет информационных технологий,2024
Алексеев Максим Алексеевич,DIP-2025-0492,Информационные системы и технологии,Магистр,Факультет информатики,2025
Лебедев Максим Алексеевич,DIP-2020-0493,Прикладная математика и информатика,Специалист,Факультет прикладной математики,2020
Семенов Максим Алексеевич,DIP-2021-0494,Экономика,Бакалавр,Экономический факультет,2021
Егоров Максим Алексеевич,DIP-2022-0495,Юриспруденция,Магистр,Юридический факультет,2022
Павлов Максим Алексеевич,DIP-2023-0496,Менеджмент,Специалист,Факультет управления,2023
Козлов Максим Алексеевич,DIP-2024-0497,Строительство,Бакалавр,Инженерно-строительный факультет,2024
Степанов Максим Алексеевич,DIP-2025-0498,Электроэнергетика и электротехника,Магистр,Энергетический факультет,2025
Николаев Максим Алексеевич,DIP-2020-0499,Лингвистика,Специалист,Факультет иностранных языков,2020
Орлов Максим Алексеевич,DIP-2021-0500,Педагогическое образование,Бакалавр,Педагогический факультет,2021
Иванов Иван Иванович,DIP-2022-0501,Программная инженерия,Бакалавр,Факультет информационных технологий,2022
Петров Иван Иванович,DIP-2023-0502,Информационные системы и технологии,Магистр,Факультет информатики,2023
Сидоров Иван Иванович,DIP-2024-0503,Прикладная математика и информатика,Специалист,Факультет прикладной математики,2024
Смирнов Иван Иванович,DIP-2025-0504,Экономика,Бакалавр,Экономический факультет,2025
Кузнецов Иван Иванович,DIP-2020-0505,Юриспруденция,Магистр,Юридический факультет,2020
Попов Иван Иванович,DIP-2021-0506,Менеджмент,Специалист,Факультет управления,2021
Васильев Иван Иванович,DIP-2022-0507,Строительство,Бакалавр,Инженерно-строительный факультет,2022
Новиков Иван Иванович,DIP-2023-0508,Электроэнергетика и электротехника,Магистр,Энергетический факультет,2023
Федоров Иван Иванович,DIP-2024-0509,Лингвистика,Специалист,Факультет иностранных языков,2024
Морозов Иван Иванович,DIP-2025-0510,Педагогическое образование,Бакалавр,Педагогический факультет,2025
Волков Иван Иванович,DIP-2020-0511,Программная инженерия,Магистр,Факультет информационных технологий,2020
Алексеев Иван Иванович,DIP-2021-0512,Информационные системы и технологии,Специалист,Факультет информатики,2021
Лебедев Иван Иванович,DIP-2022-0513,Прикладная математика и информатика,Бакалавр,Факультет прикладной математики,2022
Семенов Иван Иванович,DIP-2023-0514,Экономика,Магистр,Экономический факультет,2023
Егоров Иван Иванович,DIP-2024-0515,Юриспруденция,Специалист,Юридический факультет,2024
Павлов Иван Иванович,DIP-2025-0516,Менеджмент,Бакалавр,Факультет управления,2025
Козлов Иван Иванович,DIP-2020-0517,Строительство,Магистр,Инженерно-строительный факультет,2020
Степанов Иван Иванович,DIP-2021-0518,Электроэнергетика и электротехника,Специалист,Энергетический факультет,2021
Николаев Иван Иванович,DIP-2022-0519,Лингвистика,Бакалавр,Факультет иностранных языков,2022
Орлов Иван Иванович,DIP-2023-0520,Педагогическое образование,Магистр,Педагогический факультет,2023
Иванов Петр Иванович,DIP-2024-0521,Программная инженерия,Специалист,Факультет информационных технологий,2024
Петров Петр Иванович,DIP-2025-0522,Информационные системы и технологии,Бакалавр,Факультет информатики,2025
Сидоров Петр Иванович,DIP-2020-0523,Прикладная математика и информатика,Магистр,Факультет прикладной математики,2020
Смирнов Петр Иванович,DIP-2021-0524,Экономика,Специалист,Экономический факультет,2021
Кузнецов Петр Иванович,DIP-2022-0525,Юриспруденция,Бакалавр,Юридический факультет,2022
Попов Петр Иванович,DIP-2023-0526,Менеджмент,Магистр,Факультет управления,2023
Васильев Петр Иванович,DIP-2024-0527,Строительство,Специалист,Инженерно-строительный факультет,2024
Новиков Петр Иванович,DIP-2025-0528,Электроэнергетика и электротехника,Бакалавр,Энергетический факультет,2025
Федоров Петр Иванович,DIP-2020-0529,Лингвистика,Магистр,Факультет иностранных языков,2020
Морозов Петр Иванович,DIP-2021-0530,Педагогическое образование,Специалист,Педагогический факультет,2021
Волков Петр Иванович,DIP-2022-0531,Программная инженерия,Бакалавр,Факультет информационных технологий,2022
Алексеев Петр Иванович,DIP-2023-0532,Информационные системы и технологии,Магистр,Факультет информатики,2023
Лебедев Петр Иванович,DIP-2024-0533,Прикладная математика и информатика,Специалист,Факультет прикладной математики,2024
Семенов Петр Иванович,DIP-2025-0534,Экономика,Бакалавр,Экономический факультет,2025
Егоров Петр Иванович,DIP-2020-0535,Юриспруденция,Магистр,Юридический факультет,2020
Павлов Петр Иванович,DIP-2021-0536,Менеджмент,Специалист,Факультет управления,2021
Козлов Петр Иванович,DIP-2022-0537,Строительство,Бакалавр,Инженерно-строительный факультет,2022
Степанов Петр Иванович,DIP-2023-0538,Электроэнергетика и электротехника,Магистр,Энергетический факультет,2023
Николаев Петр Иванович,DIP-2024-0539,Лингвистика,Специалист,Факультет иностранных языков,2024
Орлов Петр Иванович,DIP-2025-0540,Педагогическое образование,Бакалавр,Педагогический факультет,2025
Иванов Алексей Петрович,DIP-2020-0541,Программная инженерия,Магистр,Факультет информационных технологий,2020
Петров Алексей Петрович,DIP-2021-0542,Информационные системы и технологии,Специалист,Факультет информатики,2021
Сидоров Алексей Петрович,DIP-2022-0543,Прикладная математика и информатика,Бакалавр,Факультет прикладной математики,2022
Смирнов Алексей Петрович,DIP-2023-0544,Экономика,Магистр,Экономический факультет,2023
Кузнецов Алексей Петрович,DIP-2024-0545,Юриспруденция,Специалист,Юридический факультет,2024
Попов Алексей Петрович,DIP-2025-0546,Менеджмент,Бакалавр,Факультет управления,2025
Васильев Алексей Петрович,DIP-2020-0547,Строительство,Магистр,Инженерно-строительный факультет,2020
Новиков Алексей Петрович,DIP-2021-0548,Электроэнергетика и электротехника,Специалист,Энергетический факультет,2021
Федоров Алексей Петрович,DIP-2022-0549,Лингвистика,Бакалавр,Факультет иностранных языков,2022
Морозов Алексей Петрович,DIP-2023-0550,Педагогическое образование,Магистр,Педагогический факультет,2023
Волков Алексей Петрович,DIP-2024-0551,Программная инженерия,Специалист,Факультет информационных технологий,2024
Алексеев Алексей Петрович,DIP-2025-0552,Информационные системы и технологии,Бакалавр,Факультет информатики,2025
Лебедев Алексей Петрович,DIP-2020-0553,Прикладная математика и информатика,Магистр,Факультет прикладной математики,2020
Семенов Алексей Петрович,DIP-2021-0554,Экономика,Специалист,Экономический факультет,2021
Егоров Алексей Петрович,DIP-2022-0555,Юриспруденция,Бакалавр,Юридический факультет,2022
Павлов Алексей Петрович,DIP-2023-0556,Менеджмент,Магистр,Факультет управления,2023
Козлов Алексей Петрович,DIP-2024-0557,Строительство,Специалист,Инженерно-строительный факультет,2024
Степанов Алексей Петрович,DIP-2025-0558,Электроэнергетика и электротехника,Бакалавр,Энергетический факультет,2025
Николаев Алексей Петрович,DIP-2020-0559,Лингвистика,Магистр,Факультет иностранных языков,2020
Орлов Алексей Петрович,DIP-2021-0560,Педагогическое образование,Специалист,Педагогический факультет,2021
Иванов Дмитрий Петрович,DIP-2022-0561,Программная инженерия,Бакалавр,Факультет информационных технологий,2022
Петров Дмитрий Петрович,DIP-2023-0562,Информационные системы и технологии,Магистр,Факультет информатики,2023
Сидоров Дмитрий Петрович,DIP-2024-0563,Прикладная математика и информатика,Специалист,Факультет прикладной математики,2024
Смирнов Дмитрий Петрович,DIP-2025-0564,Экономика,Бакалавр,Экономический факультет,2025
Кузнецов Дмитрий Петрович,DIP-2020-0565,Юриспруденция,Магистр,Юридический факультет,2020
Попов Дмитрий Петрович,DIP-2021-0566,Менеджмент,Специалист,Факультет управления,2021
Васильев Дмитрий Петрович,DIP-2022-0567,Строительство,Бакалавр,Инженерно-строительный факультет,2022
Новиков Дмитрий Петрович,DIP-2023-0568,Электроэнергетика и электротехника,Магистр,Энергетический факультет,2023
Федоров Дмитрий Петрович,DIP-2024-0569,Лингвистика,Специалист,Факультет иностранных языков,2024
Морозов Дмитрий Петрович,DIP-2025-0570,Педагогическое образование,Бакалавр,Педагогический факультет,2025
Волков Дмитрий Петрович,DIP-2020-0571,Программная инженерия,Магистр,Факультет информационных технологий,2020
Алексеев Дмитрий Петрович,DIP-2021-0572,Информационные системы и технологии,Специалист,Факультет информатики,2021
Лебедев Дмитрий Петрович,DIP-2022-0573,Прикладная математика и информатика,Бакалавр,Факультет прикладной математики,2022
Семенов Дмитрий Петрович,DIP-2023-0574,Экономика,Магистр,Экономический факультет,2023
Егоров Дмитрий Петрович,DIP-2024-0575,Юриспруденция,Специалист,Юридический факультет,2024
Павлов Дмитрий Петрович,DIP-2025-0576,Менеджмент,Бакалавр,Факультет управления,2025
Козлов Дмитрий Петрович,DIP-2020-0577,Строительство,Магистр,Инженерно-строительный факультет,2020
Степанов Дмитрий Петрович,DIP-2021-0578,Электроэнергетика и электротехника,Специалист,Энергетический факультет,2021
Николаев Дмитрий Петрович,DIP-2022-0579,Лингвистика,Бакалавр,Факультет иностранных языков,2022
Орлов Дмитрий Петрович,DIP-2023-0580,Педагогическое образование,Магистр,Педагогический факультет,2023
Иванов Максим Алексеевич,DIP-2024-0581,Программная инженерия,Специалист,Факультет информационных технологий,2024
Петров Максим Алексеевич,DIP-2025-0582,Информационные системы и технологии,Бакалавр,Факультет информатики,2025
Сидоров Максим Алексеевич,DIP-2020-0583,Прикладная математика и информатика,Магистр,Факультет прикладной математики,2020
Смирнов Максим Алексеевич,DIP-2021-0584,Экономика,Специалист,Экономический факультет,2021
Кузнецов Максим Алексеевич,DIP-2022-0585,Юриспруденция,Бакалавр,Юридический факультет,2022
Попов Максим Алексеевич,DIP-2023-0586,Менеджмент,Магистр,Факультет управления,2023
Васильев Максим Алексеевич,DIP-2024-0587,Строительство,Специалист,Инженерно-строительный факультет,2024
Новиков Максим Алексеевич,DIP-2025-0588,Электроэнергетика и электротехника,Бакалавр,Энергетический факультет,2025
Федоров Максим Алексеевич,DIP-2020-0589,Лингвистика,Магистр,Факультет иностранных языков,2020
Морозов Максим Алексеевич,DIP-2021-0590,Педагогическое образование,Специалист,Педагогический факультет,2021
Волков Максим Алексеевич,DIP-2022-0591,Программная инженерия,Бакалавр,Факультет информационных технологий,2022
Алексеев Максим Алексеевич,DIP-2023-0592,Информационные системы и технологии,Магистр,Факультет информатики,2023
Лебедев Максим Алексеевич,DIP-2024-0593,Прикладная математика и информатика,Специалист,Факультет прикладной математики,2024
Семенов Максим Алексеевич,DIP-2025-0594,Экономика,Бакалавр,Экономический факультет,2025
Егоров Максим Алексеевич,DIP-2020-0595,Юриспруденция,Магистр,Юридический факультет,2020
Павлов Максим Алексеевич,DIP-2021-0596,Менеджмент,Специалист,Факультет управления,2021
Козлов Максим Алексеевич,DIP-2022-0597,Строительство,Бакалавр,Инженерно-строительный факультет,2022
Степанов Максим Алексеевич,DIP-2023-0598,Электроэнергетика и электротехника,Магистр,Энергетический факультет,2023
Николаев Максим Алексеевич,DIP-2024-0599,Лингвистика,Специалист,Факультет иностранных языков,2024
Орлов Максим Алексеевич,DIP-2025-0600,Педагогическое образование,Бакалавр,Педагогический факультет,2025
Иванов Иван Иванович,DIP-2020-0601,Программная инженерия,Бакалавр,Факультет информационных технологий,2020
Петров Иван Иванович,DIP-2021-0602,Информационные системы и технологии,Магистр,Факультет информатики,2021
Сидоров Иван Иванович,DIP-2022-0603,Прикладная математика и информатика,Специалист,Факультет прикладной математики,2022
Смирнов Иван Иванович,DIP-2023-0604,Экономика,Бакалавр,Экономический факультет,2023
Кузнецов Иван Иванович,DIP-2024-0605,Юриспруденция,Магистр,Юридический факультет,2024
Попов Иван Иванович,DIP-2025-0606,Менеджмент,Специалист,Факультет управления,2025
Васильев Иван Иванович,DIP-2020-0607,Строительство,Бакалавр,Инженерно-строительный факультет,2020
Новиков Иван Иванович,DIP-2021-0608,Электроэнергетика и электротехника,Магистр,Энергетический факультет,2021
Федоров Иван Иванович,DIP-2022-0609,Лингвистика,Специалист,Факультет иностранных языков,2022
Морозов Иван Иванович,DIP-2023-0610,Педагогическое образование,Бакалавр,Педагогический факультет,2023
Волков Иван Иванович,DIP-2024-0611,Программная инженерия,Магистр,Факультет информационных технологий,2024
Алексеев Иван Иванович,DIP-2025-0612,Информационные системы и технологии,Специалист,Факультет информатики,2025
Лебедев Иван Иванович,DIP-2020-0613,Прикладная математика и информатика,Бакалавр,Факультет прикладной математики,2020
Семенов Иван Иванович,DIP-2021-0614,Экономика,Магистр,Экономический факультет,2021
Егоров Иван Иванович,DIP-2022-0615,Юриспруденция,Специалист,Юридический факультет,2022
Павлов Иван Иванович,DIP-2023-0616,Менеджмент,Бакалавр,Факультет управления,2023
Козлов Иван Иванович,DIP-2024-0617,Строительство,Магистр,Инженерно-строительный факультет,2024
Степанов Иван Иванович,DIP-2025-0618,Электроэнергетика и электротехника,Специалист,Энергетический факультет,2025
Николаев Иван Иванович,DIP-2020-0619,Лингвистика,Бакалавр,Факультет иностранных языков,2020
Орлов Иван Иванович,DIP-2021-0620,Педагогическое образование,Магистр,Педагогический факультет,2021
Иванов Петр Иванович,DIP-2022-0621,Программная инженерия,Специалист,Факультет информационных технологий,2022
Петров Петр Иванович,DIP-2023-0622,Информационные системы и технологии,Бакалавр,Факультет информатики,2023
Сидоров Петр Иванович,DIP-2024-0623,Прикладная математика и информатика,Магистр,Факультет прикладной математики,2024
Смирнов Петр Иванович,DIP-2025-0624,Экономика,Специалист,Экономический факультет,2025
Кузнецов Петр Иванович,DIP-2020-0625,Юриспруденция,Бакалавр,Юридический факультет,2020
Попов Петр Иванович,DIP-2021-0626,Менеджмент,Магистр,Факультет управления,2021
Васильев Петр Иванович,DIP-2022-0627,Строительство,Специалист,Инженерно-строительный факультет,2022
Новиков Петр Иванович,DIP-2023-0628,Электроэнергетика и электротехника,Бакалавр,Энергетический факультет,2023
Федоров Петр Иванович,DIP-2024-0629,Лингвистика,Магистр,Факультет иностранных языков,2024
Морозов Петр Иванович,DIP-2025-0630,Педагогическое образование,Специалист,Педагогический факультет,2025
Волков Петр Иванович,DIP-2020-0631,Программная инженерия,Бакалавр,Факультет информационных технологий,2020
Алексеев Петр Иванович,DIP-2021-0632,Информационные системы и технологии,Магистр,Факультет информатики,2021
Лебедев Петр Иванович,DIP-2022-0633,Прикладная математика и информатика,Специалист,Факультет прикладной математики,2022
Семенов Петр Иванович,DIP-2023-0634,Экономика,Бакалавр,Экономический факультет,2023
Егоров Петр Иванович,DIP-2024-0635,Юриспруденция,Магистр,Юридический факультет,2024
Павлов Петр Иванович,DIP-2025-0636,Менеджмент,Специалист,Факультет управления,2025
Козлов Петр Иванович,DIP-2020-0637,Строительство,Бакалавр,Инженерно-строительный факультет,2020
Степанов Петр Иванович,DIP-2021-0638,Электроэнергетика и электротехника,Магистр,Энергетический факультет,2021
Николаев Петр Иванович,DIP-2022-0639,Лингвистика,Специалист,Факультет иностранных языков,2022
Орлов Петр Иванович,DIP-2023-0640,Педагогическое образование,Бакалавр,Педагогический факультет,2023
Иванов Алексей Петрович,DIP-2024-0641,Программная инженерия,Магистр,Факультет информационных технологий,2024
Петров Алексей Петрович,DIP-2025-0642,Информационные системы и технологии,Специалист,Факультет информатики,2025
Сидоров Алексей Петрович,DIP-2020-0643,Прикладная математика и информатика,Бакалавр,Факультет прикладной математики,2020
Смирнов Алексей Петрович,DIP-2021-0644,Экономика,Магистр,Экономический факультет,2021
Кузнецов Алексей Петрович,DIP-2022-0645,Юриспруденция,Специалист,Юридический факультет,2022
Попов Алексей Петрович,DIP-2023-0646,Менеджмент,Бакалавр,Факультет управления,2023
Васильев Алексей Петрович,DIP-2024-0647,Строительство,Магистр,Инженерно-строительный факультет,2024
Новиков Алексей Петрович,DIP-2025-0648,Электроэнергетика и электротехника,Специалист,Энергетический факультет,2025
Федоров Алексей Петрович,DIP-2020-0649,Лингвистика,Бакалавр,Факультет иностранных языков,2020
Морозов Алексей Петрович,DIP-2021-0650,Педагогическое образование,Магистр,Педагогический факультет,2021
Волков Алексей Петрович,DIP-2022-0651,Программная инженерия,Специалист,Факультет информационных технологий,2022
Алексеев Алексей Петрович,DIP-2023-0652,Информационные системы и технологии,Бакалавр,Факультет информатики,2023
Лебедев Алексей Петрович,DIP-2024-0653,Прикладная математика и информатика,Магистр,Факультет прикладной математики,2024
Семенов Алексей Петрович,DIP-2025-0654,Экономика,Специалист,Экономический факультет,2025
Егоров Алексей Петрович,DIP-2020-0655,Юриспруденция,Бакалавр,Юридический факультет,2020
Павлов Алексей Петрович,DIP-2021-0656,Менеджмент,Магистр,Факультет управления,2021
Козлов Алексей Петрович,DIP-2022-0657,Строительство,Специалист,Инженерно-строительный факультет,2022
Степанов Алексей Петрович,DIP-2023-0658,Электроэнергетика и электротехника,Бакалавр,Энергетический факультет,2023
Николаев Алексей Петрович,DIP-2024-0659,Лингвистика,Магистр,Факультет иностранных языков,2024
Орлов Алексей Петрович,DIP-2025-0660,Педагогическое образование,Специалист,Педагогический факультет,2025
Иванов Дмитрий Петрович,DIP-2020-0661,Программная инженерия,Бакалавр,Факультет информационных технологий,2020
Петров Дмитрий Петрович,DIP-2021-0662,Информационные системы и технологии,Магистр,Факультет информатики,2021
Сидоров Дмитрий Петрович,DIP-2022-0663,Прикладная математика и информатика,Специалист,Факультет прикладной математики,2022
Смирнов Дмитрий Петрович,DIP-2023-0664,Экономика,Бакалавр,Экономический факультет,2023
Кузнецов Дмитрий Петрович,DIP-2024-0665,Юриспруденция,Магистр,Юридический факультет,2024
Попов Дмитрий Петрович,DIP-2025-0666,Менеджмент,Специалист,Факультет управления,2025
Васильев Дмитрий Петрович,DIP-2020-0667,Строительство,Бакалавр,Инженерно-строительный факультет,2020
Новиков Дмитрий Петрович,DIP-2021-0668,Электроэнергетика и электротехника,Магистр,Энергетический факультет,2021
Федоров Дмитрий Петрович,DIP-2022-0669,Лингвистика,Специалист,Факультет иностранных языков,2022
Морозов Дмитрий Петрович,DIP-2023-0670,Педагогическое образование,Бакалавр,Педагогический факультет,2023
Волков Дмитрий Петрович,DIP-2024-0671,Программная инженерия,Магистр,Факультет информационных технологий,2024
Алексеев Дмитрий Петрович,DIP-2025-0672,Информационные системы и технологии,Специалист,Факультет информатики,2025
Лебедев Дмитрий Петрович,DIP-2020-0673,Прикладная математика и информатика,Бакалавр,Факультет прикладной математики,2020
Семенов Дмитрий Петрович,DIP-2021-0674,Экономика,Магистр,Экономический факультет,2021
Егоров Дмитрий Петрович,DIP-2022-0675,Юриспруденция,Специалист,Юридический факультет,2022
Павлов Дмитрий Петрович,DIP-2023-0676,Менеджмент,Бакалавр,Факультет управления,2023
Козлов Дмитрий Петрович,DIP-2024-0677,Строительство,Магистр,Инженерно-строительный факультет,2024
Степанов Дмитрий Петрович,DIP-2025-0678,Электроэнергетика и электротехника,Специалист,Энергетический факультет,2025
Николаев Дмитрий Петрович,DIP-2020-0679,Лингвистика,Бакалавр,Факультет иностранных языков,2020
Орлов Дмитрий Петрович,DIP-2021-0680,Педагогическое образование,Магистр,Педагогический факультет,2021
Иванов Максим Алексеевич,DIP-2022-0681,Программная инженерия,Специалист,Факультет информационных технологий,2022
Петров Максим Алексеевич,DIP-2023-0682,Информационные системы и технологии,Бакалавр,Факультет информатики,2023
Сидоров Максим Алексеевич,DIP-2024-0683,Прикладная математика и информатика,Магистр,Факультет прикладной математики,2024
Смирнов Максим Алексеевич,DIP-2025-0684,Экономика,Специалист,Экономический факультет,2025
Кузнецов Максим Алексеевич,DIP-2020-0685,Юриспруденция,Бакалавр,Юридический факультет,2020
Попов Максим Алексеевич,DIP-2021-0686,Менеджмент,Магистр,Факультет управления,2021
Васильев Максим Алексеевич,DIP-2022-0687,Строительство,Специалист,Инженерно-строительный факультет,2022
Новиков Максим Алексеевич,DIP-2023-0688,Электроэнергетика и электротехника,Бакалавр,Энергетический факультет,2023
Федоров Максим Алексеевич,DIP-2024-0689,Лингвистика,Магистр,Факультет иностранных языков,2024
Морозов Максим Алексеевич,DIP-2025-0690,Педагогическое образование,Специалист,Педагогический факультет,2025
Волков Максим Алексеевич,DIP-2020-0691,Программная инженерия,Бакалавр,Факультет информационных технологий,2020
Алексеев Максим Алексеевич,DIP-2021-0692,Информационные системы и технологии,Магистр,Факультет информатики,2021
Лебедев Максим Алексеевич,DIP-2022-0693,Прикладная математика и информатика,Специалист,Факультет прикладной математики,2022
Семенов Максим Алексеевич,DIP-2023-0694,Экономика,Бакалавр,Экономический факультет,2023
Егоров Максим Алексеевич,DIP-2024-0695,Юриспруденция,Магистр,Юридический факультет,2024
Павлов Максим Алексеевич,DIP-2025-0696,Менеджмент,Специалист,Факультет управления,2025
Козлов Максим Алексеевич,DIP-2020-0697,Строительство,Бакалавр,Инженерно-строительный факультет,2020
Степанов Максим Алексеевич,DIP-2021-0698,Электроэнергетика и электротехника,Магистр,Энергетический факультет,2021
Николаев Максим Алексеевич,DIP-2022-0699,Лингвистика,Специалист,Факультет иностранных языков,2022
Орлов Максим Алексеевич,DIP-2023-0700,Педагогическое образование,Бакалавр,Педагогический факультет,2023
Иванов Иван Иванович,DIP-2024-0701,Программная инженерия,Бакалавр,Факультет информационных технологий,2024
Петров Иван Иванович,DIP-2025-0702,Информационные системы и технологии,Магистр,Факультет информатики,2025
Сидоров Иван Иванович,DIP-2020-0703,Прикладная математика и информатика,Специалист,Факультет прикладной математики,2020
Смирнов Иван Иванович,DIP-2021-0704,Экономика,Бакалавр,Экономический факультет,2021
Кузнецов Иван Иванович,DIP-2022-0705,Юриспруденция,Магистр,Юридический факультет,2022
Попов Иван Иванович,DIP-2023-0706,Менеджмент,Специалист,Факультет управления,2023
Васильев Иван Иванович,DIP-2024-0707,Строительство,Бакалавр,Инженерно-строительный факультет,2024
Новиков Иван Иванович,DIP-2025-0708,Электроэнергетика и электротехника,Магистр,Энергетический факультет,2025
Федоров Иван Иванович,DIP-2020-0709,Лингвистика,Специалист,Факультет иностранных языков,2020
Морозов Иван Иванович,DIP-2021-0710,Педагогическое образование,Бакалавр,Педагогический факультет,2021
Волков Иван Иванович,DIP-2022-0711,Программная инженерия,Магистр,Факультет информационных технологий,2022
Алексеев Иван Иванович,DIP-2023-0712,Информационные системы и технологии,Специалист,Факультет информатики,2023
Лебедев Иван Иванович,DIP-2024-0713,Прикладная математика и информатика,Бакалавр,Факультет прикладной математики,2024
Семенов Иван Иванович,DIP-2025-0714,Экономика,Магистр,Экономический факультет,2025
Егоров Иван Иванович,DIP-2020-0715,Юриспруденция,Специалист,Юридический факультет,2020
Павлов Иван Иванович,DIP-2021-0716,Менеджмент,Бакалавр,Факультет управления,2021
Козлов Иван Иванович,DIP-2022-0717,Строительство,Магистр,Инженерно-строительный факультет,2022
Степанов Иван Иванович,DIP-2023-0718,Электроэнергетика и электротехника,Специалист,Энергетический факультет,2023
Николаев Иван Иванович,DIP-2024-0719,Лингвистика,Бакалавр,Факультет иностранных языков,2024
Орлов Иван Иванович,DIP-2025-0720,Педагогическое образование,Магистр,Педагогический факультет,2025
Иванов Петр Иванович,DIP-2020-0721,Программная инженерия,Специалист,Факультет информационных технологий,2020
Петров Петр Иванович,DIP-2021-0722,Информационные системы и технологии,Бакалавр,Факультет информатики,2021
Сидоров Петр Иванович,DIP-2022-0723,Прикладная математика и информатика,Магистр,Факультет прикладной математики,2022
Смирнов Петр Иванович,DIP-2023-0724,Экономика,Специалист,Экономический факультет,2023
Кузнецов Петр Иванович,DIP-2024-0725,Юриспруденция,Бакалавр,Юридический факультет,2024
Попов Петр Иванович,DIP-2025-0726,Менеджмент,Магистр,Факультет управления,2025
Васильев Петр Иванович,DIP-2020-0727,Строительство,Специалист,Инженерно-строительный факультет,2020
Новиков Петр Иванович,DIP-2021-0728,Электроэнергетика и электротехника,Бакалавр,Энергетический факультет,2021
Федоров Петр Иванович,DIP-2022-0729,Лингвистика,Магистр,Факультет иностранных языков,2022
Морозов Петр Иванович,DIP-2023-0730,Педагогическое образование,Специалист,Педагогический факультет,2023
Волков Петр Иванович,DIP-2024-0731,Программная инженерия,Бакалавр,Факультет информационных технологий,2024
Алексеев Петр Иванович,DIP-2025-0732,Информационные системы и технологии,Магистр,Факультет информатики,2025
Лебедев Петр Иванович,DIP-2020-0733,Прикладная математика и информатика,Специалист,Факультет прикладной математики,2020
Семенов Петр Иванович,DIP-2021-0734,Экономика,Бакалавр,Экономический факультет,2021
Егоров Петр Иванович,DIP-2022-0735,Юриспруденция,Магистр,Юридический факультет,2022
Павлов Петр Иванович,DIP-2023-0736,Менеджмент,Специалист,Факультет управления,2023
Козлов Петр Иванович,DIP-2024-0737,Строительство,Бакалавр,Инженерно-строительный факультет,2024
Степанов Петр Иванович,DIP-2025-0738,Электроэнергетика и электротехника,Магистр,Энергетический факультет,2025
Николаев Петр Иванович,DIP-2020-0739,Лингвистика,Специалист,Факультет иностранных языков,2020
Орлов Петр Иванович,DIP-2021-0740,Педагогическое образование,Бакалавр,Педагогический факультет,2021
Иванов Алексей Петрович,DIP-2022-0741,Программная инженерия,Магистр,Факультет информационных технологий,2022
Петров Алексей Петрович,DIP-2023-0742,Информационные системы и технологии,Специалист,Факультет информатики,2023
Сидоров Алексей Петрович,DIP-2024-0743,Прикладная математика и информатика,Бакалавр,Факультет прикладной математики,2024
Смирнов Алексей Петрович,DIP-2025-0744,Экономика,Магистр,Экономический факультет,2025
Кузнецов Алексей Петрович,DIP-2020-0745,Юриспруденция,Специалист,Юридический факультет,2020
Попов Алексей Петрович,DIP-2021-0746,Менеджмент,Бакалавр,Факультет управления,2021
Васильев Алексей Петрович,DIP-2022-0747,Строительство,Магистр,Инженерно-строительный факультет,2022
Новиков Алексей Петрович,DIP-2023-0748,Электроэнергетика и электротехника,Специалист,Энергетический факультет,2023
Федоров Алексей Петрович,DIP-2024-0749,Лингвистика,Бакалавр,Факультет иностранных языков,2024
Морозов Алексей Петрович,DIP-2025-0750,Педагогическое образование,Магистр,Педагогический факультет,2025
Волков Алексей Петрович,DIP-2020-0751,Программная инженерия,Специалист,Факультет информационных технологий,2020
Алексеев Алексей Петрович,DIP-2021-0752,Информационные системы и технологии,Бакалавр,Факультет информатики,2021
Лебедев Алексей Петрович,DIP-2022-0753,Прикладная математика и информатика,Магистр,Факультет прикладной математики,2022
Семенов Алексей Петрович,DIP-2023-0754,Экономика,Специалист,Экономический факультет,2023
Егоров Алексей Петрович,DIP-2024-0755,Юриспруденция,Бакалавр,Юридический факультет,2024
Павлов Алексей Петрович,DIP-2025-0756,Менеджмент,Магистр,Факультет управления,2025
Козлов Алексей Петрович,DIP-2020-0757,Строительство,Специалист,Инженерно-строительный факультет,2020
Степанов Алексей Петрович,DIP-2021-0758,Электроэнергетика и электротехника,Бакалавр,Энергетический факультет,2021
Николаев Алексей Петрович,DIP-2022-0759,Лингвистика,Магистр,Факультет иностранных языков,2022
Орлов Алексей Петрович,DIP-2023-0760,Педагогическое образование,Специалист,Педагогический факультет,2023
Иванов Дмитрий Петрович,DIP-2024-0761,Программная инженерия,Бакалавр,Факультет информационных технологий,2024
Петров Дмитрий Петрович,DIP-2025-0762,Информационные системы и технологии,Магистр,Факультет информатики,2025
Сидоров Дмитрий Петрович,DIP-2020-0763,Прикладная математика и информатика,Специалист,Факультет прикладной математики,2020
Смирнов Дмитрий Петрович,DIP-2021-0764,Экономика,Бакалавр,Экономический факультет,2021
Кузнецов Дмитрий Петрович,DIP-2022-0765,Юриспруденция,Магистр,Юридический факультет,2022
Попов Дмитрий Петрович,DIP-2023-0766,Менеджмент,Специалист,Факультет управления,2023
Васильев Дмитрий Петрович,DIP-2024-0767,Строительство,Бакалавр,Инженерно-строительный факультет,2024
Новиков Дмитрий Петрович,DIP-2025-0768,Электроэнергетика и электротехника,Магистр,Энергетический факультет,2025
Федоров Дмитрий Петрович,DIP-2020-0769,Лингвистика,Специалист,Факультет иностранных языков,2020
Морозов Дмитрий Петрович,DIP-2021-0770,Педагогическое образование,Бакалавр,Педагогический факультет,2021
Волков Дмитрий Петрович,DIP-2022-0771,Программная инженерия,Магистр,Факультет информационных технологий,2022
Алексеев Дмитрий Петрович,DIP-2023-0772,Информационные системы и технологии,Специалист,Факультет информатики,2023
Лебедев Дмитрий Петрович,DIP-2024-0773,Прикладная математика и информатика,Бакалавр,Факультет прикладной математики,2024
Семенов Дмитрий Петрович,DIP-2025-0774,Экономика,Магистр,Экономический факультет,2025
Егоров Дмитрий Петрович,DIP-2020-0775,Юриспруденция,Специалист,Юридический факультет,2020
Павлов Дмитрий Петрович,DIP-2021-0776,Менеджмент,Бакалавр,Факультет управления,2021
Козлов Дмитрий Петрович,DIP-2022-0777,Строительство,Магистр,Инженерно-строительный факультет,2022
Степанов Дмитрий Петрович,DIP-2023-0778,Электроэнергетика и электротехника,Специалист,Энергетический факультет,2023
Николаев Дмитрий Петрович,DIP-2024-0779,Лингвистика,Бакалавр,Факультет иностранных языков,2024
Орлов Дмитрий Петрович,DIP-2025-0780,Педагогическое образование,Магистр,Педагогический факультет,2025
Иванов Максим Алексеевич,DIP-2020-0781,Программная инженерия,Специалист,Факультет информационных технологий,2020
Петров Максим Алексеевич,DIP-2021-0782,Информационные системы и технологии,Бакалавр,Факультет информатики,2021
Сидоров Максим Алексеевич,DIP-2022-0783,Прикладная математика и информатика,Магистр,Факультет прикладной математики,2022
Смирнов Максим Алексеевич,DIP-2023-0784,Экономика,Специалист,Экономический факультет,2023
Кузнецов Максим Алексеевич,DIP-2024-0785,Юриспруденция,Бакалавр,Юридический факультет,2024
Попов Максим Алексеевич,DIP-2025-0786,Менеджмент,Магистр,Факультет управления,2025
Васильев Максим Алексеевич,DIP-2020-0787,Строительство,Специалист,Инженерно-строительный факультет,2020
Новиков Максим Алексеевич,DIP-2021-0788,Электроэнергетика и электротехника,Бакалавр,Энергетический факультет,2021
Федоров Максим Алексеевич,DIP-2022-0789,Лингвистика,Магистр,Факультет иностранных языков,2022
Морозов Максим Алексеевич,DIP-2023-0790,Педагогическое образование,Специалист,Педагогический факультет,2023
Волков Максим Алексеевич,DIP-2024-0791,Программная инженерия,Бакалавр,Факультет информационных технологий,2024
Алексеев Максим Алексеевич,DIP-2025-0792,Информационные системы и технологии,Магистр,Факультет информатики,2025
Лебедев Максим Алексеевич,DIP-2020-0793,Прикладная математика и информатика,Специалист,Факультет прикладной математики,2020
Семенов Максим Алексеевич,DIP-2021-0794,Экономика,Бакалавр,Экономический факультет,2021
Егоров Максим Алексеевич,DIP-2022-0795,Юриспруденция,Магистр,Юридический факультет,2022
Павлов Максим Алексеевич,DIP-2023-0796,Менеджмент,Специалист,Факультет управления,2023
Козлов Максим Алексеевич,DIP-2024-0797,Строительство,Бакалавр,Инженерно-строительный факультет,2024
Степанов Максим Алексеевич,DIP-2025-0798,Электроэнергетика и электротехника,Магистр,Энергетический факультет,2025
Николаев Максим Алексеевич,DIP-2020-0799,Лингвистика,Специалист,Факультет иностранных языков,2020
Орлов Максим Алексеевич,DIP-2021-0800,Педагогическое образование,Бакалавр,Педагогический факультет,2021
Иванов Иван Иванович,DIP-2022-0801,Программная инженерия,Бакалавр,Факультет информационных технологий,2022
Петров Иван Иванович,DIP-2023-0802,Информационные системы и технологии,Магистр,Факультет информатики,2023
Сидоров Иван Иванович,DIP-2024-0803,Прикладная математика и информатика,Специалист,Факультет прикладной математики,2024
Смирнов Иван Иванович,DIP-2025-0804,Экономика,Бакалавр,Экономический факультет,2025
Кузнецов Иван Иванович,DIP-2020-0805,Юриспруденция,Магистр,Юридический факультет,2020
Попов Иван Иванович,DIP-2021-0806,Менеджмент,Специалист,Факультет управления,2021
Васильев Иван Иванович,DIP-2022-0807,Строительство,Бакалавр,Инженерно-строительный факультет,2022
Новиков Иван Иванович,DIP-2023-0808,Электроэнергетика и электротехника,Магистр,Энергетический факультет,2023
Федоров Иван Иванович,DIP-2024-0809,Лингвистика,Специалист,Факультет иностранных языков,2024
Морозов Иван Иванович,DIP-2025-0810,Педагогическое образование,Бакалавр,Педагогический факультет,2025
Волков Иван Иванович,DIP-2020-0811,Программная инженерия,Магистр,Факультет информационных технологий,2020
Алексеев Иван Иванович,DIP-2021-0812,Информационные системы и технологии,Специалист,Факультет информатики,2021
Лебедев Иван Иванович,DIP-2022-0813,Прикладная математика и информатика,Бакалавр,Факультет прикладной математики,2022
Семенов Иван Иванович,DIP-2023-0814,Экономика,Магистр,Экономический факультет,2023
Егоров Иван Иванович,DIP-2024-0815,Юриспруденция,Специалист,Юридический факультет,2024
Павлов Иван Иванович,DIP-2025-0816,Менеджмент,Бакалавр,Факультет управления,2025
Козлов Иван Иванович,DIP-2020-0817,Строительство,Магистр,Инженерно-строительный факультет,2020
Степанов Иван Иванович,DIP-2021-0818,Электроэнергетика и электротехника,Специалист,Энергетический факультет,2021
Николаев Иван Иванович,DIP-2022-0819,Лингвистика,Бакалавр,Факультет иностранных языков,2022
Орлов Иван Иванович,DIP-2023-0820,Педагогическое образование,Магистр,Педагогический факультет,2023
Иванов Петр Иванович,DIP-2024-0821,Программная инженерия,Специалист,Факультет информационных технологий,2024
Петров Петр Иванович,DIP-2025-0822,Информационные системы и технологии,Бакалавр,Факультет информатики,2025
Сидоров Петр Иванович,DIP-2020-0823,Прикладная математика и информатика,Магистр,Факультет прикладной математики,2020
Смирнов Петр Иванович,DIP-2021-0824,Экономика,Специалист,Экономический факультет,2021
Кузнецов Петр Иванович,DIP-2022-0825,Юриспруденция,Бакалавр,Юридический факультет,2022
Попов Петр Иванович,DIP-2023-0826,Менеджмент,Магистр,Факультет управления,2023
Васильев Петр Иванович,DIP-2024-0827,Строительство,Специалист,Инженерно-строительный факультет,2024
Новиков Петр Иванович,DIP-2025-0828,Электроэнергетика и электротехника,Бакалавр,Энергетический факультет,2025
Федоров Петр Иванович,DIP-2020-0829,Лингвистика,Магистр,Факультет иностранных языков,2020
Морозов Петр Иванович,DIP-2021-0830,Педагогическое образование,Специалист,Педагогический факультет,2021
Волков Петр Иванович,DIP-2022-0831,Программная инженерия,Бакалавр,Факультет информационных технологий,2022
Алексеев Петр Иванович,DIP-2023-0832,Информационные системы и технологии,Магистр,Факультет информатики,2023
Лебедев Петр Иванович,DIP-2024-0833,Прикладная математика и информатика,Специалист,Факультет прикладной математики,2024
Семенов Петр Иванович,DIP-2025-0834,Экономика,Бакалавр,Экономический факультет,2025
Егоров Петр Иванович,DIP-2020-0835,Юриспруденция,Магистр,Юридический факультет,2020
Павлов Петр Иванович,DIP-2021-0836,Менеджмент,Специалист,Факультет управления,2021
Козлов Петр Иванович,DIP-2022-0837,Строительство,Бакалавр,Инженерно-строительный факультет,2022
Степанов Петр Иванович,DIP-2023-0838,Электроэнергетика и электротехника,Магистр,Энергетический факультет,2023
Николаев Петр Иванович,DIP-2024-0839,Лингвистика,Специалист,Факультет иностранных языков,2024
Орлов Петр Иванович,DIP-2025-0840,Педагогическое образование,Бакалавр,Педагогический факультет,2025
Иванов Алексей Петрович,DIP-2020-0841,Программная инженерия,Магистр,Факультет информационных технологий,2020
Петров Алексей Петрович,DIP-2021-0842,Информационные системы и технологии,Специалист,Факультет информатики,2021
Сидоров Алексей Петрович,DIP-2022-0843,Прикладная математика и информатика,Бакалавр,Факультет прикладной математики,2022
Смирнов Алексей Петрович,DIP-2023-0844,Экономика,Магистр,Экономический факультет,2023
Кузнецов Алексей Петрович,DIP-2024-0845,Юриспруденция,Специалист,Юридический факультет,2024
Попов Алексей Петрович,DIP-2025-0846,Менеджмент,Бакалавр,Факультет управления,2025
Васильев Алексей Петрович,DIP-2020-0847,Строительство,Магистр,Инженерно-строительный факультет,2020
Новиков Алексей Петрович,DIP-2021-0848,Электроэнергетика и электротехника,Специалист,Энергетический факультет,2021
Федоров Алексей Петрович,DIP-2022-0849,Лингвистика,Бакалавр,Факультет иностранных языков,2022
Морозов Алексей Петрович,DIP-2023-0850,Педагогическое образование,Магистр,Педагогический факультет,2023
Волков Алексей Петрович,DIP-2024-0851,Программная инженерия,Специалист,Факультет информационных технологий,2024
Алексеев Алексей Петрович,DIP-2025-0852,Информационные системы и технологии,Бакалавр,Факультет информатики,2025
Лебедев Алексей Петрович,DIP-2020-0853,Прикладная математика и информатика,Магистр,Факультет прикладной математики,2020
Семенов Алексей Петрович,DIP-2021-0854,Экономика,Специалист,Экономический факультет,2021
Егоров Алексей Петрович,DIP-2022-0855,Юриспруденция,Бакалавр,Юридический факультет,2022
Павлов Алексей Петрович,DIP-2023-0856,Менеджмент,Магистр,Факультет управления,2023
Козлов Алексей Петрович,DIP-2024-0857,Строительство,Специалист,Инженерно-строительный факультет,2024
Степанов Алексей Петрович,DIP-2025-0858,Электроэнергетика и электротехника,Бакалавр,Энергетический факультет,2025
Николаев Алексей Петрович,DIP-2020-0859,Лингвистика,Магистр,Факультет иностранных языков,2020
Орлов Алексей Петрович,DIP-2021-0860,Педагогическое образование,Специалист,Педагогический факультет,2021
Иванов Дмитрий Петрович,DIP-2022-0861,Программная инженерия,Бакалавр,Факультет информационных технологий,2022
Петров Дмитрий Петрович,DIP-2023-0862,Информационные системы и технологии,Магистр,Факультет информатики,2023
Сидоров Дмитрий Петрович,DIP-2024-0863,Прикладная математика и информатика,Специалист,Факультет прикладной математики,2024
Смирнов Дмитрий Петрович,DIP-2025-0864,Экономика,Бакалавр,Экономический факультет,2025
Кузнецов Дмитрий Петрович,DIP-2020-0865,Юриспруденция,Магистр,Юридический факультет,2020
Попов Дмитрий Петрович,DIP-2021-0866,Менеджмент,Специалист,Факультет управления,2021
Васильев Дмитрий Петрович,DIP-2022-0867,Строительство,Бакалавр,Инженерно-строительный факультет,2022
Новиков Дмитрий Петрович,DIP-2023-0868,Электроэнергетика и электротехника,Магистр,Энергетический факультет,2023
Федоров Дмитрий Петрович,DIP-2024-0869,Лингвистика,Специалист,Факультет иностранных языков,2024
Морозов Дмитрий Петрович,DIP-2025-0870,Педагогическое образование,Бакалавр,Педагогический факультет,2025
Волков Дмитрий Петрович,DIP-2020-0871,Программная инженерия,Магистр,Факультет информационных технологий,2020
Алексеев Дмитрий Петрович,DIP-2021-0872,Информационные системы и технологии,Специалист,Факультет информатики,2021
Лебедев Дмитрий Петрович,DIP-2022-0873,Прикладная математика и информатика,Бакалавр,Факультет прикладной математики,2022
Семенов Дмитрий Петрович,DIP-2023-0874,Экономика,Магистр,Экономический факультет,2023
Егоров Дмитрий Петрович,DIP-2024-0875,Юриспруденция,Специалист,Юридический факультет,2024
Павлов Дмитрий Петрович,DIP-2025-0876,Менеджмент,Бакалавр,Факультет управления,2025
Козлов Дмитрий Петрович,DIP-2020-0877,Строительство,Магистр,Инженерно-строительный факультет,2020
Степанов Дмитрий Петрович,DIP-2021-0878,Электроэнергетика и электротехника,Специалист,Энергетический факультет,2021
Николаев Дмитрий Петрович,DIP-2022-0879,Лингвистика,Бакалавр,Факультет иностранных языков,2022
Орлов Дмитрий Петрович,DIP-2023-0880,Педагогическое образование,Магистр,Педагогический факультет,2023
Иванов Максим Алексеевич,DIP-2024-0881,Программная инженерия,Специалист,Факультет информационных технологий,2024
Петров Максим Алексеевич,DIP-2025-0882,Информационные системы и технологии,Бакалавр,Факультет информатики,2025
Сидоров Максим Алексеевич,DIP-2020-0883,Прикладная математика и информатика,Магистр,Факультет прикладной математики,2020
Смирнов Максим Алексеевич,DIP-2021-0884,Экономика,Специалист,Экономический факультет,2021
Кузнецов Максим Алексеевич,DIP-2022-0885,Юриспруденция,Бакалавр,Юридический факультет,2022
Попов Максим Алексеевич,DIP-2023-0886,Менеджмент,Магистр,Факультет управления,2023
Васильев Максим Алексеевич,DIP-2024-0887,Строительство,Специалист,Инженерно-строительный факультет,2024
Новиков Максим Алексеевич,DIP-2025-0888,Электроэнергетика и электротехника,Бакалавр,Энергетический факультет,2025
Федоров Максим Алексеевич,DIP-2020-0889,Лингвистика,Магистр,Факультет иностранных языков,2020
Морозов Максим Алексеевич,DIP-2021-0890,Педагогическое образование,Специалист,Педагогический факультет,2021
Волков Максим Алексеевич,DIP-2022-0891,Программная инженерия,Бакалавр,Факультет информационных технологий,2022
Алексеев Максим Алексеевич,DIP-2023-0892,Информационные системы и технологии,Магистр,Факультет информатики,2023
Лебедев Максим Алексеевич,DIP-2024-0893,Прикладная математика и информатика,Специалист,Факультет прикладной математики,2024
Семенов Максим Алексеевич,DIP-2025-0894,Экономика,Бакалавр,Экономический факультет,2025
Егоров Максим Алексеевич,DIP-2020-0895,Юриспруденция,Магистр,Юридический факультет,2020
Павлов Максим Алексеевич,DIP-2021-0896,Менеджмент,Специалист,Факультет управления,2021
Козлов Максим Алексеевич,DIP-2022-0897,Строительство,Бакалавр,Инженерно-строительный факультет,2022
Степанов Максим Алексеевич,DIP-2023-0898,Электроэнергетика и электротехника,Магистр,Энергетический факультет,2023
Николаев Максим Алексеевич,DIP-2024-0899,Лингвистика,Специалист,Факультет иностранных языков,2024
Орлов Максим Алексеевич,DIP-2025-0900,Педагогическое образование,Бакалавр,Педагогический факультет,2025
Иванов Иван Иванович,DIP-2020-0901,Программная инженерия,Бакалавр,Факультет информационных технологий,2020
Петров Иван Иванович,DIP-2021-0902,Информационные системы и технологии,Магистр,Факультет информатики,2021
Сидоров Иван Иванович,DIP-2022-0903,Прикладная математика и информатика,Специалист,Факультет прикладной математики,2022
Смирнов Иван Иванович,DIP-2023-0904,Экономика,Бакалавр,Экономический факультет,2023
Кузнецов Иван Иванович,DIP-2024-0905,Юриспруденция,Магистр,Юридический факультет,2024
Попов Иван Иванович,DIP-2025-0906,Менеджмент,Специалист,Факультет управления,2025
Васильев Иван Иванович,DIP-2020-0907,Строительство,Бакалавр,Инженерно-строительный факультет,2020
Новиков Иван Иванович,DIP-2021-0908,Электроэнергетика и электротехника,Магистр,Энергетический факультет,2021
Федоров Иван Иванович,DIP-2022-0909,Лингвистика,Специалист,Факультет иностранных языков,2022
Морозов Иван Иванович,DIP-2023-0910,Педагогическое образование,Бакалавр,Педагогический факультет,2023
Волков Иван Иванович,DIP-2024-0911,Программная инженерия,Магистр,Факультет информационных технологий,2024
Алексеев Иван Иванович,DIP-2025-0912,Информационные системы и технологии,Специалист,Факультет информатики,2025
Лебедев Иван Иванович,DIP-2020-0913,Прикладная математика и информатика,Бакалавр,Факультет прикладной математики,2020
Семенов Иван Иванович,DIP-2021-0914,Экономика,Магистр,Экономический факультет,2021
Егоров Иван Иванович,DIP-2022-0915,Юриспруденция,Специалист,Юридический факультет,2022
Павлов Иван Иванович,DIP-2023-0916,Менеджмент,Бакалавр,Факультет управления,2023
Козлов Иван Иванович,DIP-2024-0917,Строительство,Магистр,Инженерно-строительный факультет,2024
Степанов Иван Иванович,DIP-2025-0918,Электроэнергетика и электротехника,Специалист,Энергетический факультет,2025
Николаев Иван Иванович,DIP-2020-0919,Лингвистика,Бакалавр,Факультет иностранных языков,2020
Орлов Иван Иванович,DIP-2021-0920,Педагогическое образование,Магистр,Педагогический факультет,2021
Иванов Петр Иванович,DIP-2022-0921,Программная инженерия,Специалист,Факультет информационных технологий,2022
Петров Петр Иванович,DIP-2023-0922,Информационные системы и технологии,Бакалавр,Факультет информатики,2023
Сидоров Петр Иванович,DIP-2024-0923,Прикладная математика и информатика,Магистр,Факультет прикладной математики,2024
Смирнов Петр Иванович,DIP-2025-0924,Экономика,Специалист,Экономический факультет,2025
Кузнецов Петр Иванович,DIP-2020-0925,Юриспруденция,Бакалавр,Юридический факультет,2020
Попов Петр Иванович,DIP-2021-0926,Менеджмент,Магистр,Факультет управления,2021
Васильев Петр Иванович,DIP-2022-0927,Строительство,Специалист,Инженерно-строительный факультет,2022
Новиков Петр Иванович,DIP-2023-0928,Электроэнергетика и электротехника,Бакалавр,Энергетический факультет,2023
Федоров Петр Иванович,DIP-2024-0929,Лингвистика,Магистр,Факультет иностранных языков,2024
Морозов Петр Иванович,DIP-2025-0930,Педагогическое образование,Специалист,Педагогический факультет,2025
Волков Петр Иванович,DIP-2020-0931,Программная инженерия,Бакалавр,Факультет информационных технологий,2020
Алексеев Петр Иванович,DIP-2021-0932,Информационные системы и технологии,Магистр,Факультет информатики,2021
Лебедев Петр Иванович,DIP-2022-0933,Прикладная математика и информатика,Специалист,Факультет прикладной математики,2022
Семенов Петр Иванович,DIP-2023-0934,Экономика,Бакалавр,Экономический факультет,2023
Егоров Петр Иванович,DIP-2024-0935,Юриспруденция,Магистр,Юридический факультет,2024
Павлов Петр Иванович,DIP-2025-0936,Менеджмент,Специалист,Факультет управления,2025
Козлов Петр Иванович,DIP-2020-0937,Строительство,Бакалавр,Инженерно-строительный факультет,2020
Степанов Петр Иванович,DIP-2021-0938,Электроэнергетика и электротехника,Магистр,Энергетический факультет,2021
Николаев Петр Иванович,DIP-2022-0939,Лингвистика,Специалист,Факультет иностранных языков,2022
Орлов Петр Иванович,DIP-2023-0940,Педагогическое образование,Бакалавр,Педагогический факультет,2023
Иванов Алексей Петрович,DIP-2024-0941,Программная инженерия,Магистр,Факультет информационных технологий,2024
Петров Алексей Петрович,DIP-2025-0942,Информационные системы и технологии,Специалист,Факультет информатики,2025
Сидоров Алексей Петрович,DIP-2020-0943,Прикладная математика и информатика,Бакалавр,Факультет прикладной математики,2020
Смирнов Алексей Петрович,DIP-2021-0944,Экономика,Магистр,Экономический факультет,2021
Кузнецов Алексей Петрович,DIP-2022-0945,Юриспруденция,Специалист,Юридический факультет,2022
Попов Алексей Петрович,DIP-2023-0946,Менеджмент,Бакалавр,Факультет управления,2023
Васильев Алексей Петрович,DIP-2024-0947,Строительство,Магистр,Инженерно-строительный факультет,2024
Новиков Алексей Петрович,DIP-2025-0948,Электроэнергетика и электротехника,Специалист,Энергетический факультет,2025
Федоров Алексей Петрович,DIP-2020-0949,Лингвистика,Бакалавр,Факультет иностранных языков,2020
Морозов Алексей Петрович,DIP-2021-0950,Педагогическое образование,Магистр,Педагогический факультет,2021
Волков Алексей Петрович,DIP-2022-0951,Программная инженерия,Специалист,Факультет информационных технологий,2022
Алексеев Алексей Петрович,DIP-2023-0952,Информационные системы и технологии,Бакалавр,Факультет информатики,2023
Лебедев Алексей Петрович,DIP-2024-0953,Прикладная математика и информатика,Магистр,Факультет прикладной математики,2024
Семенов Алексей Петрович,DIP-2025-0954,Экономика,Специалист,Экономический факультет,2025
Егоров Алексей Петрович,DIP-2020-0955,Юриспруденция,Бакалавр,Юридический факультет,2020
Павлов Алексей Петрович,DIP-2021-0956,Менеджмент,Магистр,Факультет управления,2021
Козлов Алексей Петрович,DIP-2022-0957,Строительство,Специалист,Инженерно-строительный факультет,2022
Степанов Алексей Петрович,DIP-2023-0958,Электроэнергетика и электротехника,Бакалавр,Энергетический факультет,2023
Николаев Алексей Петрович,DIP-2024-0959,Лингвистика,Магистр,Факультет иностранных языков,2024
Орлов Алексей Петрович,DIP-2025-0960,Педагогическое образование,Специалист,Педагогический факультет,2025
Иванов Дмитрий Петрович,DIP-2020-0961,Программная инженерия,Бакалавр,Факультет информационных технологий,2020
Петров Дмитрий Петрович,DIP-2021-0962,Информационные системы и технологии,Магистр,Факультет информатики,2021
Сидоров Дмитрий Петрович,DIP-2022-0963,Прикладная математика и информатика,Специалист,Факультет прикладной математики,2022
Смирнов Дмитрий Петрович,DIP-2023-0964,Экономика,Бакалавр,Экономический факультет,2023
Кузнецов Дмитрий Петрович,DIP-2024-0965,Юриспруденция,Магистр,Юридический факультет,2024
Попов Дмитрий Петрович,DIP-2025-0966,Менеджмент,Специалист,Факультет управления,2025
Васильев Дмитрий Петрович,DIP-2020-0967,Строительство,Бакалавр,Инженерно-строительный факультет,2020
Новиков Дмитрий Петрович,DIP-2021-0968,Электроэнергетика и электротехника,Магистр,Энергетический факультет,2021
Федоров Дмитрий Петрович,DIP-2022-0969,Лингвистика,Специалист,Факультет иностранных языков,2022
Морозов Дмитрий Петрович,DIP-2023-0970,Педагогическое образование,Бакалавр,Педагогический факультет,2023
Волков Дмитрий Петрович,DIP-2024-0971,Программная инженерия,Магистр,Факультет информационных технологий,2024
Алексеев Дмитрий Петрович,DIP-2025-0972,Информационные системы и технологии,Специалист,Факультет информатики,2025
Лебедев Дмитрий Петрович,DIP-2020-0973,Прикладная математика и информатика,Бакалавр,Факультет прикладной математики,2020
Семенов Дмитрий Петрович,DIP-2021-0974,Экономика,Магистр,Экономический факультет,2021
Егоров Дмитрий Петрович,DIP-2022-0975,Юриспруденция,Специалист,Юридический факультет,2022
Павлов Дмитрий Петрович,DIP-2023-0976,Менеджмент,Бакалавр,Факультет управления,2023
Козлов Дмитрий Петрович,DIP-2024-0977,Строительство,Магистр,Инженерно-строительный факультет,2024
Степанов Дмитрий Петрович,DIP-2025-0978,Электроэнергетика и электротехника,Специалист,Энергетический факультет,2025
Николаев Дмитрий Петрович,DIP-2020-0979,Лингвистика,Бакалавр,Факультет иностранных языков,2020
Орлов Дмитрий Петрович,DIP-2021-0980,Педагогическое образование,Магистр,Педагогический факультет,2021
Иванов Максим Алексеевич,DIP-2022-0981,Программная инженерия,Специалист,Факультет информационных технологий,2022
Петров Максим Алексеевич,DIP-2023-0982,Информационные системы и технологии,Бакалавр,Факультет информатики,2023
Сидоров Максим Алексеевич,DIP-2024-0983,Прикладная математика и информатика,Магистр,Факультет прикладной математики,2024
Смирнов Максим Алексеевич,DIP-2025-0984,Экономика,Специалист,Экономический факультет,2025
Кузнецов Максим Алексеевич,DIP-2020-0985,Юриспруденция,Бакалавр,Юридический факультет,2020
Попов Максим Алексеевич,DIP-2021-0986,Менеджмент,Магистр,Факультет управления,2021
Васильев Максим Алексеевич,DIP-2022-0987,Строительство,Специалист,Инженерно-строительный факультет,2022
Новиков Максим Алексеевич,DIP-2023-0988,Электроэнергетика и электротехника,Бакалавр,Энергетический факультет,2023
Федоров Максим Алексеевич,DIP-2024-0989,Лингвистика,Магистр,Факультет иностранных языков,2024
Морозов Максим Алексеевич,DIP-2025-0990,Педагогическое образование,Специалист,Педагогический факультет,2025
Волков Максим Алексеевич,DIP-2020-0991,Программная инженерия,Бакалавр,Факультет информационных технологий,2020
Алексеев Максим Алексеевич,DIP-2021-0992,Информационные системы и технологии,Магистр,Факультет информатики,2021
Лебедев Максим Алексеевич,DIP-2022-0993,Прикладная математика и информатика,Специалист,Факультет прикладной математики,2022
Семенов Максим Алексеевич,DIP-2023-0994,Экономика,Бакалавр,Экономический факультет,2023
Егоров Максим Алексеевич,DIP-2024-0995,Юриспруденция,Магистр,Юридический факультет,2024
Павлов Максим Алексеевич,DIP-2025-0996,Менеджмент,Специалист,Факультет управления,2025
Козлов Максим Алексеевич,DIP-2020-0997,Строительство,Бакалавр,Инженерно-строительный факультет,2020
Степанов Максим Алексеевич,DIP-2021-0998,Электроэнергетика и электротехника,Магистр,Энергетический факультет,2021
Николаев Максим Алексеевич,DIP-2022-0999,Лингвистика,Специалист,Факультет иностранных языков,2022
Орлов Максим Алексеевич,DIP-2023-1000,Педагогическое образование,Бакалавр,Педагогический факультет,2023
